,Age,Weight,Height,Max_BPM,Avg_BPM,Resting_BPM,Session_Duration,Calories_Burned,Fat_Percentage,Water_Intake,Workout_Frequency,Experience_Level,BMI,Gender_Female,Gender_Male,Workout_Type_Cardio,Workout_Type_HIIT,Workout_Type_Strength,Workout_Type_Yoga
0,56,88.3,1.71,180,157,60,1.69,1313.0,12.6,3.5,4,3,30.2,False,True,False,False,False,True
1,46,74.9,1.53,179,151,66,1.3,883.0,33.9,2.1,4,2,32.0,True,False,False,True,False,False
2,32,68.1,1.66,167,122,54,1.11,677.0,33.4,2.3,4,2,24.71,True,False,True,False,False,False
3,25,53.2,1.7,190,164,56,0.59,532.0,28.8,2.1,3,1,18.41,False,True,False,False,True,False
4,38,46.1,1.79,188,158,68,0.64,556.0,29.2,2.8,3,1,14.39,False,True,False,False,True,False
5,56,58.0,1.68,168,156,74,1.59,1116.0,15.5,2.7,5,3,20.55,True,False,False,True,False,False
6,36,70.3,1.72,174,169,73,1.49,1385.0,21.3,2.3,3,2,23.76,False,True,True,False,False,False
7,40,69.7,1.51,189,141,64,1.27,895.0,30.6,1.9,3,2,30.57,True,False,True,False,False,False
8,28,121.7,1.94,185,127,52,1.03,719.0,28.9,2.6,4,2,32.34,False,True,False,False,True,False
9,28,101.8,1.84,169,136,64,1.08,808.0,29.7,2.7,3,1,30.07,False,True,True,False,False,False
10,41,120.8,1.67,188,146,54,0.82,593.0,20.5,3.0,2,1,43.31,False,True,False,True,False,False
11,53,51.7,1.7,175,152,72,1.15,865.0,23.6,3.5,3,2,17.89,False,True,False,True,False,False
12,57,112.5,1.61,195,165,61,1.24,1013.0,22.1,2.7,3,2,43.4,False,True,True,False,False,False
13,41,94.5,2.0,179,136,69,1.18,794.0,27.6,3.7,3,1,23.62,False,True,False,True,False,False
14,20,117.7,1.81,196,161,54,1.35,1195.0,26.4,3.3,3,2,35.93,False,True,False,False,False,True
15,39,42.5,1.75,181,131,52,1.13,740.0,26.2,2.1,2,1,13.88,True,False,False,False,True,False
16,19,64.0,1.53,166,167,58,1.33,1111.0,29.8,2.3,3,2,27.34,True,False,False,True,False,False
17,41,43.8,1.77,182,165,58,1.19,884.0,31.9,1.6,3,1,13.98,True,False,True,False,False,False
18,47,66.8,1.75,199,146,56,1.13,742.0,32.8,2.5,3,2,21.81,True,False,False,False,True,False
19,55,75.2,1.67,188,167,51,1.37,1030.0,25.2,2.2,2,1,26.96,True,False,False,True,False,False
20,19,89.0,1.77,175,127,72,1.5,1048.0,28.9,3.7,4,2,28.41,False,True,False,False,True,False
21,38,71.9,1.77,197,142,72,1.12,875.0,25.7,3.1,2,1,22.95,False,True,True,False,False,False
22,50,71.0,1.68,187,161,70,1.17,848.0,33.1,2.5,2,1,25.16,True,False,False,False,False,True
23,29,120.9,1.78,197,168,65,0.78,721.0,28.1,3.4,2,1,38.16,False,True,False,False,False,True
24,39,64.3,1.69,190,148,58,1.25,925.0,26.9,1.9,4,2,22.51,True,False,False,True,False,False
25,42,63.7,1.71,173,169,62,1.42,1080.0,26.1,1.8,3,2,21.78,True,False,False,False,False,True
26,44,65.2,1.8,192,139,68,0.73,502.0,27.2,2.7,2,1,20.12,False,True,False,True,False,False
27,59,53.9,1.75,168,135,69,1.48,989.0,21.6,2.8,4,2,17.6,False,True,False,False,True,False
28,45,84.9,1.86,186,136,66,1.64,1104.0,14.2,3.5,5,3,24.54,False,True,False,True,False,False
29,33,78.0,1.68,183,135,55,1.29,871.0,32.3,1.8,3,2,27.64,True,False,False,True,False,False
30,32,108.2,1.8,172,138,53,1.27,964.0,28.4,3.5,3,1,33.4,False,True,False,True,False,False
31,20,65.4,1.52,185,127,50,1.03,654.0,28.0,2.2,4,2,28.31,True,False,False,False,False,True
32,54,50.2,1.61,188,157,67,1.48,1046.0,28.2,2.7,2,1,19.37,True,False,False,True,False,False
33,24,58.9,1.51,187,157,68,1.04,816.0,31.7,2.5,2,1,25.83,True,False,True,False,False,False
34,38,81.4,1.71,187,148,58,1.52,1237.0,10.2,3.5,5,3,27.84,False,True,False,True,False,False
35,26,127.6,1.73,167,160,62,1.32,1162.0,27.3,2.9,3,1,42.63,False,True,False,False,True,False
36,56,59.3,1.56,182,155,57,1.26,879.0,33.4,2.6,4,2,24.37,True,False,True,False,False,False
37,35,96.9,1.71,188,145,72,1.34,1069.0,24.2,2.9,3,2,33.14,False,True,False,False,True,False
38,21,62.6,1.81,164,150,62,1.3,1072.0,27.6,3.5,4,2,19.11,False,True,False,False,True,False
39,42,45.5,1.6,166,163,64,1.31,1057.0,21.7,2.6,3,2,17.77,False,True,False,False,True,False
40,31,48.8,1.51,195,131,60,1.48,969.0,28.2,2.0,2,1,21.4,True,False,True,False,False,False
41,26,44.3,1.6,186,136,61,1.08,734.0,34.7,2.0,3,1,17.3,True,False,True,False,False,False
42,43,113.2,1.83,161,134,63,1.45,962.0,29.9,2.9,4,2,33.8,False,True,False,False,False,True
43,19,60.5,1.59,184,128,53,1.14,730.0,30.1,2.2,2,1,23.93,True,False,True,False,False,False
44,37,124.2,1.76,168,158,50,1.5,1304.0,29.3,2.8,2,1,40.1,False,True,False,True,False,False
45,45,52.4,1.85,186,161,73,1.2,956.0,25.2,2.5,3,1,15.31,False,True,False,False,True,False
46,24,54.7,1.74,160,167,53,0.84,772.0,22.9,3.6,3,1,18.07,False,True,False,False,False,True
47,25,88.1,1.95,182,131,68,1.41,1016.0,22.7,3.0,2,1,23.17,False,True,True,False,False,False
48,52,59.7,1.71,169,151,58,1.23,836.0,34.3,2.0,3,1,20.42,True,False,False,False,True,False
49,31,79.7,1.54,184,144,59,1.03,742.0,26.7,2.3,4,2,33.61,True,False,True,False,False,False
50,34,51.0,1.62,162,158,53,1.42,1122.0,30.8,2.4,3,2,19.43,True,False,False,False,False,True
51,53,84.2,1.76,165,137,69,1.67,1133.0,12.8,3.5,5,3,27.18,False,True,True,False,False,False
52,57,122.1,1.89,165,134,58,1.13,750.0,27.4,3.6,3,1,34.18,False,True,True,False,False,False
53,21,96.7,1.72,161,151,62,1.26,1046.0,25.0,2.8,3,1,32.69,False,True,False,False,True,False
54,19,73.0,1.79,177,125,61,0.81,506.0,27.7,1.6,3,1,22.78,True,False,False,True,False,False
55,23,114.8,1.6,182,163,60,1.47,1318.0,21.7,2.7,4,2,44.84,False,True,True,False,False,False
56,59,65.5,1.52,161,162,61,1.4,1021.0,31.2,2.1,3,2,28.35,True,False,False,False,False,True
57,21,50.3,1.52,171,154,67,1.08,832.0,32.2,2.6,3,1,21.77,True,False,True,False,False,False
58,46,61.0,1.71,181,153,61,1.67,1150.0,17.8,2.7,4,3,20.86,True,False,True,False,False,False
59,35,44.6,1.62,196,157,65,0.56,440.0,32.4,2.0,2,1,16.99,True,False,False,True,False,False
60,43,58.2,1.61,179,124,54,1.04,580.0,26.4,2.6,3,2,22.45,True,False,False,False,True,False
61,51,44.8,1.63,198,137,69,1.08,666.0,33.8,2.1,4,2,16.86,True,False,False,False,False,True
62,27,87.5,1.63,183,135,74,1.75,1299.0,12.9,3.5,5,3,32.93,False,True,False,False,True,False
63,53,51.8,1.74,179,127,61,1.23,773.0,21.3,3.7,3,2,17.11,False,True,False,False,True,False
64,31,64.4,1.7,160,144,70,1.97,1418.0,17.3,2.7,5,3,22.28,True,False,False,False,True,False
65,48,67.1,1.61,160,151,74,0.62,421.0,33.4,1.5,2,1,25.89,True,False,True,False,False,False
66,32,85.9,1.6,176,145,60,1.99,1587.0,14.5,3.5,5,3,33.55,False,True,False,True,False,False
67,25,65.4,1.77,160,141,58,0.89,627.0,27.6,2.6,3,1,20.88,True,False,True,False,False,False
68,31,61.1,1.76,189,150,67,1.81,1358.0,18.6,2.7,4,3,19.72,True,False,False,False,False,True
69,40,106.5,1.65,162,162,74,1.32,1176.0,21.0,3.6,4,2,39.12,False,True,False,True,False,False
70,57,64.0,1.52,170,129,52,1.73,1004.0,15.2,2.7,5,3,27.7,True,False,False,False,True,False
71,38,61.4,1.54,183,131,69,1.47,963.0,30.6,2.7,3,2,25.89,True,False,False,True,False,False
72,33,40.5,1.63,181,147,66,1.07,786.0,31.9,1.5,4,2,15.24,True,False,False,False,False,True
73,35,70.1,1.79,185,125,63,1.08,743.0,28.0,2.3,3,2,21.88,False,True,True,False,False,False
74,41,94.1,1.62,172,139,50,1.13,777.0,23.4,3.1,4,2,35.86,False,True,True,False,False,False
75,43,55.5,1.82,160,124,66,1.08,663.0,20.1,2.0,3,1,16.76,False,True,False,False,True,False
76,42,53.7,1.72,183,142,74,1.37,875.0,29.8,1.6,3,1,18.15,True,False,True,False,False,False
77,58,66.1,1.75,169,128,57,0.63,363.0,25.2,1.8,2,1,21.58,True,False,True,False,False,False
78,46,103.9,1.77,194,148,54,1.18,864.0,20.9,2.9,2,1,33.16,False,True,False,False,False,True
79,32,61.7,1.58,183,135,54,1.87,1262.0,16.6,2.7,5,3,24.72,True,False,False,True,False,False
80,18,52.3,1.74,187,165,58,1.2,990.0,29.4,2.2,2,1,17.27,True,False,True,False,False,False
81,42,59.5,1.74,195,141,52,1.78,1129.0,16.4,2.7,5,3,19.65,True,False,False,False,False,True
82,24,72.9,1.76,175,127,68,0.86,546.0,30.8,1.5,3,1,23.53,True,False,False,False,False,True
83,26,76.7,1.63,199,139,72,1.08,751.0,25.6,1.7,2,1,28.87,True,False,False,False,True,False
84,41,72.1,1.83,175,133,58,1.13,744.0,21.4,2.8,3,2,21.53,False,True,False,False,False,True
85,18,54.8,1.68,176,158,71,1.27,1003.0,32.0,2.2,4,2,19.42,True,False,False,False,True,False
86,25,105.0,1.88,174,156,67,1.34,1150.0,21.4,2.3,3,2,29.71,False,True,True,False,False,False
87,41,55.0,1.55,175,169,65,1.45,1103.0,31.4,2.0,4,2,22.89,True,False,False,False,True,False
88,28,81.6,1.66,174,153,50,1.09,917.0,20.5,3.5,4,2,29.61,False,True,False,False,False,True
89,34,75.6,1.6,193,130,51,0.64,416.0,29.1,2.7,2,1,29.53,True,False,False,True,False,False
90,25,81.5,1.61,170,159,63,1.93,1688.0,10.9,3.5,4,3,31.44,False,True,False,True,False,False
91,52,61.5,1.69,160,152,63,1.8,1231.0,15.5,2.7,4,3,21.53,True,False,True,False,False,False
92,52,74.0,1.63,174,150,50,1.26,936.0,25.7,3.7,3,2,27.85,False,True,True,False,False,False
93,50,56.4,1.59,185,163,74,1.26,924.0,34.3,2.6,3,1,22.31,True,False,False,True,False,False
94,22,102.6,1.84,163,153,65,1.25,1052.0,20.5,2.7,3,2,30.3,False,True,False,False,True,False
95,59,54.6,1.57,164,169,64,0.58,441.0,29.2,2.3,3,1,22.15,True,False,True,False,False,False
96,56,129.0,1.78,194,126,64,1.29,805.0,27.1,2.7,2,1,40.71,False,True,False,False,False,True
97,58,103.5,1.66,172,168,61,1.33,1106.0,24.6,3.1,3,1,37.56,False,True,True,False,False,False
98,45,59.4,1.51,169,142,65,1.15,735.0,33.1,1.9,4,2,26.05,True,False,False,False,True,False
99,24,60.1,1.79,170,165,63,1.97,1625.0,15.9,2.7,4,3,18.76,True,False,True,False,False,False
100,26,77.7,1.62,177,126,73,1.16,804.0,29.6,3.0,3,2,29.61,False,True,False,False,False,True
101,25,41.2,1.62,193,144,64,1.49,1073.0,28.9,2.1,4,2,15.7,True,False,False,False,False,True
102,29,58.6,1.61,198,122,72,1.2,805.0,23.4,2.0,3,2,22.61,False,True,False,False,False,True
103,51,109.3,1.78,182,157,64,0.54,420.0,28.7,3.3,3,1,34.5,False,True,False,False,True,False
104,50,69.6,1.96,166,139,68,0.97,667.0,25.6,2.0,3,1,18.12,False,True,False,False,True,False
105,40,56.2,1.79,198,153,57,1.79,1369.0,17.6,2.7,5,3,17.54,True,False,False,False,False,True
106,41,71.7,1.96,162,168,51,0.51,424.0,27.3,2.5,2,1,18.66,False,True,False,False,False,True
107,54,86.0,1.93,171,163,51,1.74,1404.0,12.9,3.5,5,3,23.09,False,True,False,False,True,False
108,52,79.4,1.59,166,163,59,1.39,1020.0,26.6,1.5,3,2,31.41,True,False,False,False,True,False
109,57,78.4,1.62,185,149,52,1.01,677.0,31.7,2.0,4,2,29.87,True,False,False,False,True,False
110,39,55.4,1.6,192,136,72,1.44,979.0,26.3,1.6,3,2,21.64,True,False,False,True,False,False
111,44,61.7,1.55,196,129,66,1.41,819.0,33.1,2.6,4,2,25.68,True,False,False,False,True,False
112,52,85.5,1.82,174,154,57,1.78,1357.0,14.9,3.5,4,3,25.81,False,True,False,False,False,True
113,18,87.6,1.93,161,139,72,1.72,1315.0,11.9,3.5,4,3,23.52,False,True,False,True,False,False
114,52,82.4,1.72,166,137,53,1.01,685.0,24.4,2.7,4,2,27.85,False,True,False,False,True,False
115,54,67.0,1.68,191,164,63,0.55,446.0,20.5,2.8,3,1,23.74,False,True,False,False,False,True
116,31,42.3,1.6,163,163,70,1.09,888.0,25.1,1.9,3,2,16.52,True,False,True,False,False,False
117,20,82.7,1.99,179,146,59,1.69,1357.0,14.6,3.5,5,3,20.88,False,True,False,True,False,False
118,18,92.4,1.74,195,168,50,1.41,1303.0,21.3,3.1,2,1,30.52,False,True,False,False,False,True
119,22,63.2,1.54,191,155,53,1.02,790.0,29.5,2.4,4,2,26.65,True,False,True,False,False,False
120,43,82.7,1.85,187,142,50,1.22,858.0,28.2,3.1,4,2,24.16,False,True,False,False,False,True
121,31,86.6,1.76,172,151,66,1.29,1071.0,28.9,3.3,3,2,27.96,False,True,False,False,True,False
122,56,129.5,1.95,160,129,66,1.0,639.0,25.2,3.5,2,1,34.06,False,True,False,False,True,False
123,44,98.0,1.83,194,130,56,1.28,824.0,25.7,3.5,4,2,29.26,False,True,True,False,False,False
124,26,86.2,1.68,189,157,72,1.97,1701.0,13.3,3.5,5,3,30.54,False,True,False,False,True,False
125,32,78.6,1.62,195,125,69,1.28,880.0,29.6,3.1,3,1,29.95,False,True,False,False,False,True
126,32,59.0,1.66,184,160,64,0.51,408.0,31.0,1.8,2,1,21.41,True,False,True,False,False,False
127,43,57.3,1.79,175,166,62,1.98,1479.0,17.8,2.7,4,3,17.88,True,False,False,False,False,True
128,59,122.3,1.89,178,153,51,0.66,500.0,20.1,3.1,3,1,34.24,False,True,False,False,False,True
129,30,85.3,1.95,160,155,68,1.61,1373.0,10.4,3.5,5,3,22.43,False,True,False,False,False,True
130,49,45.2,1.74,164,156,73,1.24,870.0,30.8,2.1,3,2,14.93,True,False,False,False,True,False
131,56,55.6,1.92,181,136,62,0.68,458.0,29.4,3.2,3,1,15.08,False,True,False,False,True,False
132,49,82.8,1.95,183,159,73,1.91,1503.0,14.3,3.5,5,3,21.78,False,True,False,False,False,True
133,21,125.2,1.66,196,159,60,1.38,1207.0,29.8,3.4,3,2,45.43,False,True,False,True,False,False
134,47,58.5,1.79,195,131,71,1.42,837.0,30.3,2.4,4,2,18.26,True,False,False,False,False,True
135,54,86.1,1.95,195,140,64,1.17,811.0,27.9,3.4,2,1,22.64,False,True,False,False,False,True
136,40,63.5,1.61,163,159,59,1.31,1041.0,33.4,1.6,3,2,24.5,True,False,True,False,False,False
137,56,69.3,1.68,195,138,58,0.66,451.0,26.5,2.1,2,1,24.55,False,True,False,False,False,True
138,32,70.5,1.62,177,122,58,1.24,756.0,28.4,1.8,2,1,26.86,True,False,False,False,True,False
139,46,60.1,1.65,175,137,69,1.69,1042.0,17.3,2.7,4,3,22.08,True,False,True,False,False,False
140,53,94.1,1.95,177,138,50,0.89,608.0,28.6,3.5,3,1,24.75,False,True,False,True,False,False
141,30,79.2,1.62,181,166,66,1.26,1046.0,28.0,2.5,4,2,30.18,True,False,True,False,False,False
142,49,115.3,1.91,161,125,61,1.38,854.0,29.2,3.2,2,1,31.61,False,True,False,True,False,False
143,24,62.9,1.79,180,135,59,1.42,958.0,27.3,2.3,4,2,19.63,True,False,True,False,False,False
144,39,62.0,1.64,195,127,54,0.97,678.0,27.5,3.2,3,1,23.05,False,True,True,False,False,False
145,45,88.5,1.78,198,167,67,1.53,1265.0,13.2,3.5,4,3,27.93,False,True,False,True,False,False
146,19,73.9,1.77,198,137,64,1.28,877.0,32.5,2.6,3,2,23.59,True,False,False,False,True,False
147,59,50.3,1.95,188,167,55,1.07,885.0,24.4,3.4,3,1,13.23,False,True,False,False,True,False
148,23,83.1,1.8,185,162,56,0.7,624.0,29.3,3.1,3,1,25.65,False,True,False,False,True,False
149,45,65.1,1.78,180,158,66,1.46,1038.0,31.3,2.3,3,1,20.55,True,False,True,False,False,False
150,45,46.6,1.79,176,168,55,1.46,1214.0,22.9,2.4,3,2,14.54,False,True,False,False,False,True
151,37,103.5,1.89,175,168,57,0.54,499.0,26.4,3.1,2,1,28.97,False,True,True,False,False,False
152,47,61.9,1.54,190,131,61,1.95,1150.0,16.4,2.7,4,3,26.1,True,False,False,False,False,True
153,28,52.0,1.61,168,164,70,1.32,1082.0,27.9,2.0,3,2,20.06,True,False,False,False,False,True
154,45,113.4,1.71,190,129,63,0.83,530.0,24.0,2.3,2,1,38.78,False,True,False,False,True,False
155,42,62.9,1.98,173,126,61,1.42,886.0,28.5,3.4,4,2,16.04,False,True,False,False,False,True
156,56,40.4,1.8,196,165,72,1.23,913.0,30.0,2.1,4,2,12.47,True,False,True,False,False,False
157,50,67.1,1.75,161,120,59,0.67,362.0,31.8,2.7,3,1,21.91,True,False,True,False,False,False
158,18,70.0,1.61,173,168,71,1.3,1201.0,23.9,2.5,2,1,27.01,False,True,False,False,True,False
159,44,69.5,1.75,192,155,69,1.02,711.0,27.6,2.1,3,1,22.69,True,False,False,True,False,False
160,30,107.9,1.66,194,140,64,1.08,832.0,29.5,2.8,3,2,39.16,False,True,True,False,False,False
161,58,109.0,1.91,198,156,56,1.49,1151.0,26.0,2.2,3,2,29.88,False,True,False,False,False,True
162,20,101.0,1.91,179,143,58,1.36,1070.0,29.3,2.7,3,2,27.69,False,True,True,False,False,False
163,56,88.5,1.85,161,144,59,1.57,1119.0,11.0,3.5,4,3,25.86,False,True,True,False,False,False
164,23,80.9,1.8,178,126,59,1.55,1074.0,10.7,3.5,4,3,24.97,False,True,True,False,False,False
165,25,43.1,1.62,196,161,65,1.04,837.0,33.6,1.8,4,2,16.42,True,False,False,True,False,False
166,44,59.1,1.52,177,136,56,1.58,967.0,18.4,2.7,5,3,25.58,True,False,False,False,False,True
167,26,54.0,1.53,175,148,54,1.14,844.0,26.9,1.7,3,1,23.07,True,False,False,False,True,False
168,54,72.3,1.78,163,149,72,1.27,852.0,27.7,1.8,2,1,22.82,True,False,True,False,False,False
169,50,51.1,1.98,171,126,52,0.92,574.0,28.0,2.4,2,1,13.03,False,True,False,False,False,True
170,59,89.4,1.72,188,152,67,1.08,813.0,24.5,3.2,3,1,30.22,False,True,False,False,False,True
171,41,51.5,1.8,166,126,60,1.09,680.0,26.7,2.1,4,2,15.9,False,True,False,False,True,False
172,32,87.9,1.88,173,143,64,1.52,1195.0,11.6,3.5,5,3,24.87,False,True,True,False,False,False
173,49,42.0,1.52,171,130,70,1.1,644.0,28.8,2.2,3,1,18.18,True,False,False,True,False,False
174,49,79.2,1.72,194,128,69,1.46,925.0,29.9,3.3,3,1,26.77,False,True,False,False,False,True
175,41,64.8,1.71,164,131,54,1.2,778.0,22.5,2.8,3,2,22.16,False,True,False,False,True,False
176,58,63.0,1.78,176,154,73,1.58,1095.0,17.5,2.7,4,3,19.88,True,False,False,True,False,False
177,29,56.2,1.77,191,123,61,0.68,418.0,33.4,2.6,3,1,17.94,True,False,False,False,False,True
178,56,52.9,1.64,169,155,53,1.1,767.0,27.4,2.3,3,2,19.67,True,False,True,False,False,False
179,19,49.0,1.69,176,147,64,1.05,772.0,29.2,2.4,3,1,17.16,True,False,False,False,False,True
180,20,128.2,1.84,164,132,58,0.83,603.0,26.2,2.3,3,1,37.87,False,True,False,True,False,False
181,54,83.6,1.86,168,142,56,1.54,1082.0,12.4,3.5,5,3,24.16,False,True,False,True,False,False
182,34,56.2,1.77,192,138,59,1.81,1249.0,17.3,2.7,5,3,17.94,True,False,True,False,False,False
183,19,87.8,1.78,195,161,72,1.28,1133.0,23.6,3.3,2,1,27.71,False,True,True,False,False,False
184,19,85.9,1.85,195,156,62,1.66,1424.0,12.9,3.5,4,3,25.1,False,True,False,False,True,False
185,45,51.1,1.87,177,158,57,1.44,1126.0,26.2,3.4,4,2,14.61,False,True,True,False,False,False
186,40,57.4,1.71,168,143,61,1.87,1337.0,18.3,2.7,5,3,19.63,True,False,False,False,True,False
187,54,114.9,1.92,188,135,71,1.2,802.0,20.7,2.6,4,2,31.17,False,True,False,True,False,False
188,49,62.1,1.66,173,152,73,1.37,937.0,31.3,1.8,3,2,22.54,True,False,False,True,False,False
189,50,57.1,1.91,184,131,68,1.09,707.0,29.5,2.7,4,2,15.65,False,True,False,False,False,True
190,18,68.1,1.8,174,153,50,1.1,926.0,25.4,3.3,4,2,21.02,False,True,False,False,False,True
191,36,69.2,1.65,165,126,65,1.23,852.0,27.2,2.7,3,1,25.42,False,True,False,False,True,False
192,19,65.2,1.52,188,130,71,1.23,800.0,30.6,2.4,3,1,28.22,True,False,True,False,False,False
193,43,108.6,1.73,174,150,66,1.33,988.0,28.5,2.2,2,1,36.29,False,True,True,False,False,False
194,49,40.0,1.65,188,148,74,1.03,686.0,34.3,2.5,3,2,14.69,True,False,False,False,False,True
195,23,41.9,1.58,163,132,67,0.56,370.0,26.8,1.8,3,1,16.78,True,False,False,True,False,False
196,49,68.3,1.52,177,150,60,1.45,979.0,29.4,1.8,4,2,29.56,True,False,False,False,True,False
197,21,88.4,1.6,198,121,67,1.71,1138.0,12.0,3.5,4,3,34.53,False,True,False,True,False,False
198,28,66.0,1.9,175,158,56,1.18,1025.0,24.1,3.0,3,1,18.28,False,True,False,True,False,False
199,34,71.9,1.64,170,134,67,1.26,929.0,21.3,2.1,4,2,26.73,False,True,True,False,False,False
200,55,75.6,1.71,173,130,57,1.03,663.0,28.1,2.0,4,2,25.85,False,True,False,False,True,False
201,41,63.4,1.59,162,153,55,1.84,1267.0,15.2,2.7,5,3,25.08,True,False,False,True,False,False
202,22,71.6,1.77,197,158,56,1.49,1177.0,30.3,1.8,3,1,22.85,True,False,False,False,False,True
203,51,57.4,1.77,177,123,72,1.08,598.0,31.6,2.1,4,2,18.32,True,False,False,False,False,True
204,23,83.8,1.99,179,130,71,1.79,1280.0,11.0,3.5,4,3,21.16,False,True,True,False,False,False
205,39,55.9,1.71,184,148,59,1.95,1443.0,19.5,2.7,5,3,19.12,True,False,False,False,False,True
206,28,87.0,1.76,197,121,60,1.2,799.0,28.4,3.5,3,2,28.09,False,True,False,False,False,True
207,33,65.3,1.71,172,135,74,1.18,796.0,29.7,2.5,4,2,22.33,True,False,False,True,False,False
208,50,45.4,1.67,163,158,62,1.37,1071.0,24.1,2.8,4,2,16.28,False,True,False,False,False,True
209,26,87.1,1.87,173,132,58,1.71,1241.0,11.2,3.5,4,3,24.91,False,True,False,False,False,True
210,23,78.6,1.73,192,156,56,1.47,1147.0,32.3,1.5,4,2,26.26,True,False,False,True,False,False
211,33,78.0,1.71,187,136,58,1.08,734.0,26.3,2.1,3,1,26.67,True,False,True,False,False,False
212,46,58.0,1.53,196,140,62,1.83,1153.0,18.4,2.7,4,3,24.78,True,False,True,False,False,False
213,20,71.3,1.69,167,163,52,1.28,1043.0,33.4,2.3,3,2,24.96,True,False,False,False,True,False
214,37,49.1,1.74,193,138,52,1.11,842.0,22.3,2.6,3,2,16.22,False,True,False,False,False,True
215,53,78.3,1.65,164,126,50,1.24,703.0,33.7,1.6,3,1,28.76,True,False,False,True,False,False
216,36,57.3,1.64,164,157,70,1.13,887.0,25.3,1.8,4,2,21.3,True,False,False,False,True,False
217,43,48.4,1.61,190,127,69,1.28,732.0,34.1,2.4,2,1,18.67,True,False,True,False,False,False
218,20,76.4,1.62,168,132,51,1.35,980.0,21.2,2.6,4,2,29.11,False,True,True,False,False,False
219,36,110.2,1.77,191,156,74,1.19,1021.0,26.5,3.4,2,1,35.18,False,True,False,True,False,False
220,37,72.9,1.76,192,121,52,1.21,732.0,27.5,1.9,3,2,23.53,True,False,False,False,True,False
221,49,82.1,1.86,162,160,64,1.87,1481.0,14.2,3.5,4,3,23.73,False,True,False,False,True,False
222,24,58.9,1.76,189,130,73,0.63,410.0,30.1,1.7,3,1,19.01,True,False,False,True,False,False
223,58,82.2,1.87,171,143,55,1.57,1111.0,10.7,3.5,4,3,23.51,False,True,False,True,False,False
224,50,96.7,1.72,188,125,62,1.46,903.0,25.7,2.7,3,2,32.69,False,True,False,False,True,False
225,57,81.4,1.86,162,145,70,1.8,1292.0,12.0,3.5,5,3,23.53,False,True,True,False,False,False
226,56,107.8,1.73,185,126,50,1.09,680.0,26.6,2.8,3,2,36.02,False,True,False,False,False,True
227,35,65.8,1.62,189,158,69,1.0,790.0,33.8,1.5,4,2,25.07,True,False,True,False,False,False
228,57,68.5,1.56,168,138,68,1.45,900.0,29.1,1.6,4,2,28.15,True,False,False,True,False,False
229,18,63.9,1.59,185,125,50,1.87,1169.0,16.4,2.7,4,3,25.28,True,False,False,False,True,False
230,28,76.3,1.62,161,162,70,1.16,1034.0,20.1,2.3,3,2,29.07,False,True,False,False,True,False
231,45,44.5,1.65,162,148,71,1.44,959.0,30.7,1.6,3,1,16.35,True,False,False,False,False,True
232,42,50.7,1.75,163,162,51,1.29,940.0,29.0,1.9,3,2,16.56,True,False,False,False,True,False
233,40,55.1,1.61,184,158,64,1.55,1224.0,16.9,2.7,4,3,21.26,True,False,False,False,False,True
234,48,73.7,1.61,172,121,63,1.36,815.0,21.8,3.6,4,2,28.43,False,True,True,False,False,False
235,47,55.6,1.77,198,138,68,1.2,820.0,24.3,2.9,4,2,17.75,False,True,True,False,False,False
236,59,86.9,1.76,194,123,60,1.13,688.0,29.8,3.1,3,2,28.05,False,True,False,False,True,False
237,52,60.3,1.68,182,125,64,1.6,900.0,16.5,2.7,4,3,21.36,True,False,False,False,True,False
238,24,40.4,1.64,168,168,55,0.99,832.0,31.0,1.9,2,1,15.02,True,False,False,True,False,False
239,33,78.5,1.66,161,156,69,1.29,1006.0,32.8,1.9,4,2,28.49,True,False,False,True,False,False
240,43,102.6,1.72,190,147,58,0.82,597.0,27.5,2.0,2,1,34.68,False,True,False,False,True,False
241,19,110.8,1.91,161,149,54,1.31,1074.0,23.3,2.9,2,1,30.37,False,True,False,False,True,False
242,18,60.9,1.79,191,126,69,1.11,699.0,31.1,2.1,2,1,19.01,True,False,True,False,False,False
243,29,55.7,1.61,177,128,51,1.41,993.0,28.7,2.3,3,1,21.49,False,True,False,False,True,False
244,22,110.5,1.92,172,144,55,1.16,919.0,20.2,3.3,3,2,29.98,False,True,False,True,False,False
245,54,55.2,1.71,164,152,67,0.77,579.0,24.4,2.8,2,1,18.88,False,True,True,False,False,False
246,49,46.5,1.72,169,120,72,1.4,832.0,22.2,2.6,4,2,15.72,False,True,False,False,False,True
247,26,70.9,1.66,184,125,68,0.81,506.0,28.9,1.7,3,1,25.73,True,False,False,True,False,False
248,58,74.6,1.75,193,137,58,1.09,739.0,24.2,2.9,2,1,24.36,False,True,False,True,False,False
249,52,45.1,1.72,196,129,70,0.93,594.0,27.5,3.3,2,1,15.24,False,True,True,False,False,False
250,36,99.9,1.99,189,147,73,1.33,1075.0,20.9,2.5,3,1,25.23,False,True,False,False,False,True
251,33,117.0,1.61,166,130,55,1.04,744.0,25.1,2.4,3,2,45.14,False,True,False,True,False,False
252,20,75.9,1.73,165,152,63,1.39,1056.0,30.6,2.1,4,2,25.36,True,False,False,False,True,False
253,37,71.2,1.64,162,120,73,1.11,666.0,29.9,1.7,3,2,26.47,True,False,False,True,False,False
254,41,78.8,1.72,172,132,62,1.01,660.0,27.3,3.1,4,2,26.64,False,True,True,False,False,False
255,50,50.6,1.69,162,156,60,1.31,1012.0,23.8,3.0,2,1,17.72,False,True,True,False,False,False
256,41,82.5,1.79,185,139,61,1.69,1163.0,14.7,3.5,4,3,25.75,False,True,True,False,False,False
257,28,108.5,1.79,183,120,68,1.33,878.0,24.8,2.1,4,2,33.86,False,True,False,True,False,False
258,25,49.9,1.98,165,122,68,1.15,772.0,25.7,2.1,3,2,12.73,False,True,False,False,False,True
259,53,125.1,1.91,171,137,70,0.52,353.0,28.3,3.1,2,1,34.29,False,True,False,False,True,False
260,55,79.7,1.66,195,160,68,1.06,763.0,27.8,1.9,2,1,28.92,True,False,True,False,False,False
261,57,126.8,1.63,161,133,73,0.96,632.0,20.8,2.1,2,1,47.72,False,True,False,False,False,True
262,37,54.6,1.57,170,150,62,1.31,982.0,32.1,2.4,3,1,22.15,True,False,False,False,True,False
263,52,47.8,1.54,198,146,63,1.34,880.0,29.8,1.9,3,2,20.16,True,False,True,False,False,False
264,42,97.9,1.91,193,136,73,1.01,680.0,29.0,2.8,3,2,26.84,False,True,False,False,True,False
265,52,63.1,1.54,185,165,67,1.36,1010.0,34.8,1.8,3,2,26.61,True,False,False,False,True,False
266,42,72.4,1.69,177,148,61,1.07,713.0,29.0,2.3,3,2,25.35,True,False,False,False,False,True
267,46,58.9,1.7,180,155,53,1.52,1060.0,17.1,2.7,4,3,20.38,True,False,False,False,True,False
268,35,50.4,1.6,195,156,59,1.03,803.0,29.1,1.9,4,2,19.69,True,False,True,False,False,False
269,35,64.2,1.59,199,145,66,1.63,1182.0,16.6,2.7,5,3,25.39,True,False,False,False,False,True
270,19,58.8,1.77,181,136,53,1.4,952.0,32.8,2.7,2,1,18.77,True,False,False,True,False,False
271,52,105.2,1.62,189,141,61,1.36,949.0,27.6,3.2,3,1,40.09,False,True,False,True,False,False
272,33,45.9,1.5,189,144,62,0.92,662.0,29.8,1.7,3,1,20.4,True,False,False,False,False,True
273,58,65.2,1.63,167,121,53,1.12,610.0,25.4,2.0,3,2,24.54,True,False,False,True,False,False
274,53,56.3,1.79,193,141,59,1.52,964.0,16.5,2.7,5,3,17.57,True,False,False,False,True,False
275,50,90.0,1.7,168,124,74,0.81,497.0,22.9,2.7,2,1,31.14,False,True,True,False,False,False
276,21,60.0,1.7,179,123,52,1.97,1212.0,19.1,2.7,5,3,20.76,True,False,False,False,True,False
277,50,51.5,1.71,199,155,64,1.48,1136.0,20.9,2.9,2,1,17.61,False,True,False,False,False,True
278,31,63.1,1.64,184,125,51,1.54,962.0,19.0,2.7,4,3,23.46,True,False,True,False,False,False
279,38,91.5,1.77,178,140,74,0.8,616.0,26.7,3.4,2,1,29.21,False,True,False,False,False,True
280,37,48.7,1.67,164,132,74,1.39,1009.0,27.3,3.0,2,1,17.46,False,True,False,False,False,True
281,25,57.8,1.56,170,156,66,1.35,1053.0,29.3,1.6,3,2,23.75,True,False,False,False,False,True
282,24,42.0,1.75,174,144,55,0.83,598.0,31.8,2.3,3,1,13.71,True,False,False,False,True,False
283,20,128.4,1.92,167,145,57,0.63,502.0,26.1,2.0,2,1,34.83,False,True,True,False,False,False
284,34,74.2,1.57,178,158,52,1.47,1161.0,32.7,2.4,3,1,30.1,True,False,True,False,False,False
285,50,89.6,1.68,182,139,74,1.79,1232.0,12.2,3.5,5,3,31.75,False,True,True,False,False,False
286,29,125.9,2.0,186,152,67,1.36,1137.0,24.7,3.1,4,2,31.48,False,True,False,False,True,False
287,39,105.5,1.99,199,133,71,0.81,593.0,26.4,2.5,2,1,26.64,False,True,False,True,False,False
288,39,93.4,1.7,191,155,50,1.1,938.0,21.1,2.5,4,2,32.32,False,True,False,False,True,False
289,47,82.1,1.84,185,136,65,1.37,922.0,24.4,3.4,4,2,24.25,False,True,False,False,True,False
290,55,42.9,1.69,186,140,56,0.9,567.0,34.7,2.4,2,1,15.02,True,False,False,False,False,True
291,55,128.4,1.68,178,165,52,1.13,923.0,20.4,2.6,4,2,45.49,False,True,True,False,False,False
292,25,112.4,1.96,188,135,72,1.42,1054.0,23.2,2.5,2,1,29.26,False,True,True,False,False,False
293,44,77.7,1.79,198,165,53,1.41,1047.0,28.1,2.2,3,1,24.25,True,False,False,True,False,False
294,44,89.3,1.99,192,135,58,1.4,936.0,26.3,2.0,4,2,22.55,False,True,False,True,False,False
295,51,70.3,1.55,178,139,54,1.4,876.0,26.1,1.6,3,1,29.26,True,False,False,False,False,True
296,38,59.1,1.72,196,148,68,1.07,792.0,31.3,1.7,3,2,19.98,True,False,True,False,False,False
297,47,49.9,1.69,178,147,64,1.48,979.0,26.0,1.7,3,2,17.47,True,False,False,True,False,False
298,50,101.7,1.67,192,127,57,0.53,333.0,20.9,2.9,2,1,36.47,False,True,False,True,False,False
299,45,93.0,1.91,175,143,55,1.03,729.0,27.3,3.7,3,2,25.49,False,True,True,False,False,False
300,50,87.4,1.6,182,122,67,0.77,465.0,23.2,3.1,2,1,34.14,False,True,False,False,True,False
301,22,55.1,1.61,166,144,68,1.62,1166.0,19.9,2.7,4,3,21.26,True,False,False,True,False,False
302,36,123.7,1.69,185,138,73,1.3,987.0,20.4,2.1,4,2,43.31,False,True,True,False,False,False
303,21,61.3,1.57,191,152,64,1.94,1474.0,17.2,2.7,4,3,24.87,True,False,False,True,False,False
304,52,72.3,1.94,171,121,56,1.46,874.0,21.1,2.9,3,2,19.21,False,True,False,False,False,True
305,34,69.2,1.53,167,134,59,1.36,911.0,28.5,2.1,2,1,29.56,True,False,False,True,False,False
306,45,81.4,1.61,164,141,55,1.14,796.0,30.0,2.2,4,2,31.4,False,True,True,False,False,False
307,47,84.8,1.86,187,129,63,1.85,1181.0,14.4,3.5,5,3,24.51,False,True,False,True,False,False
308,46,55.1,1.72,164,137,66,1.43,970.0,20.5,3.6,3,2,18.62,False,True,False,False,False,True
309,23,59.0,1.78,185,141,58,1.67,1177.0,17.8,2.7,5,3,18.62,True,False,False,False,False,True
310,52,64.9,1.51,164,165,68,1.83,1359.0,18.2,2.7,4,3,28.46,True,False,False,True,False,False
311,58,109.7,1.75,181,168,54,1.01,840.0,22.1,2.7,2,1,35.82,False,True,False,True,False,False
312,54,78.4,1.9,174,146,72,0.81,585.0,21.5,3.7,2,1,21.72,False,True,False,False,False,True
313,41,76.7,1.79,172,132,56,1.4,832.0,34.0,2.0,4,2,23.94,True,False,False,False,False,True
314,46,63.1,1.61,187,152,68,1.0,684.0,34.7,2.2,4,2,24.34,True,False,False,False,True,False
315,48,62.9,1.58,192,124,69,1.98,1105.0,20.0,2.7,4,3,25.2,True,False,False,False,True,False
316,52,85.6,1.74,182,145,56,1.84,1321.0,13.9,3.5,4,3,28.27,False,True,False,False,False,True
317,50,66.3,1.57,192,132,73,1.25,742.0,31.6,1.6,2,1,26.9,True,False,False,True,False,False
318,38,61.3,1.97,177,146,51,1.37,1100.0,23.5,2.8,3,1,15.8,False,True,True,False,False,False
319,49,44.1,1.65,189,133,74,1.16,694.0,26.7,1.8,4,2,16.2,True,False,False,True,False,False
320,40,63.8,1.62,185,143,72,1.3,1022.0,20.8,3.4,2,1,24.31,False,True,False,True,False,False
321,50,55.4,1.55,175,122,65,1.85,1016.0,18.5,2.7,4,3,23.06,True,False,False,False,True,False
322,20,74.7,1.58,172,166,62,1.04,863.0,32.8,2.4,3,2,29.92,True,False,False,False,True,False
323,35,78.0,1.67,198,168,57,1.13,949.0,33.3,2.5,4,2,27.97,True,False,False,False,True,False
324,42,57.5,1.67,192,149,55,1.14,764.0,34.1,2.4,2,1,20.62,True,False,False,False,False,True
325,59,60.7,1.73,185,154,55,1.03,714.0,33.8,2.5,3,2,20.28,True,False,False,False,False,True
326,48,69.0,1.74,160,167,58,1.48,1223.0,30.0,2.3,3,2,22.79,False,True,False,True,False,False
327,20,75.8,1.78,197,133,53,1.42,944.0,27.4,2.0,4,2,23.92,True,False,False,True,False,False
328,57,75.7,1.63,161,131,60,0.69,407.0,32.6,2.3,3,1,28.49,True,False,True,False,False,False
329,41,71.2,1.64,165,147,54,1.42,939.0,30.9,2.3,3,2,26.47,True,False,False,True,False,False
330,49,85.0,1.68,197,163,74,1.82,1468.0,11.3,3.5,4,3,30.12,False,True,False,True,False,False
331,39,63.6,1.56,183,148,66,1.22,903.0,34.8,2.4,2,1,26.13,True,False,False,False,True,False
332,40,73.2,1.94,177,162,69,0.81,722.0,29.0,2.4,2,1,19.45,False,True,False,False,True,False
333,19,48.3,1.52,186,136,56,0.96,653.0,26.3,1.6,2,1,20.91,True,False,False,False,True,False
334,44,42.8,1.78,167,159,64,1.49,1066.0,25.3,2.6,3,2,13.51,True,False,False,False,True,False
335,59,88.1,1.76,187,168,74,1.35,1123.0,26.9,3.0,3,2,28.44,False,True,False,False,True,False
336,19,72.4,1.75,169,140,64,1.2,840.0,31.0,1.7,4,2,23.64,True,False,True,False,False,False
337,43,73.2,1.88,176,142,63,1.17,822.0,29.4,3.3,3,1,20.71,False,True,True,False,False,False
338,34,110.5,1.86,188,139,62,1.42,1086.0,22.3,3.6,2,1,31.94,False,True,True,False,False,False
339,57,46.1,1.76,165,130,60,1.44,842.0,25.8,1.7,3,2,14.88,True,False,False,False,True,False
340,50,90.8,1.71,173,153,62,1.07,810.0,22.6,3.4,4,2,31.05,False,True,False,False,False,True
341,26,59.3,1.51,181,129,71,1.7,1096.0,15.1,2.7,5,3,26.01,True,False,False,False,True,False
342,56,45.1,1.73,165,129,73,0.83,482.0,25.4,2.6,3,1,15.07,True,False,False,False,True,False
343,46,45.0,1.77,185,162,58,1.48,1187.0,29.1,3.6,3,2,14.36,False,True,True,False,False,False
344,59,89.4,1.62,198,125,59,1.43,885.0,23.5,3.6,3,2,34.06,False,True,False,False,True,False
345,43,127.7,1.69,171,155,53,1.14,875.0,24.1,2.9,3,2,44.71,False,True,True,False,False,False
346,52,70.9,1.72,194,143,66,1.31,927.0,20.2,2.6,3,2,23.97,False,True,False,False,True,False
347,42,49.2,1.5,173,131,63,1.15,678.0,27.7,1.5,3,2,21.87,True,False,False,True,False,False
348,41,62.3,1.79,181,162,73,1.99,1451.0,19.0,2.7,5,3,19.44,True,False,False,False,False,True
349,30,64.1,1.87,182,142,67,0.64,500.0,26.2,2.1,2,1,18.33,False,True,False,False,False,True
350,24,69.7,1.75,166,146,60,1.41,1029.0,32.5,2.0,3,1,22.76,True,False,True,False,False,False
351,53,56.9,1.59,199,164,65,1.49,1100.0,29.5,2.0,3,2,22.51,True,False,False,True,False,False
352,37,53.0,1.71,184,156,50,1.13,881.0,28.1,1.7,4,2,18.13,True,False,False,False,False,True
353,18,72.7,1.55,172,125,56,0.84,525.0,29.8,2.0,3,1,30.26,True,False,True,False,False,False
354,25,76.5,1.96,180,120,59,0.67,442.0,23.2,2.3,3,1,19.91,False,True,False,False,True,False
355,33,113.6,1.99,169,125,58,1.38,949.0,28.4,3.4,2,1,28.69,False,True,False,False,True,False
356,31,62.5,1.62,168,169,74,1.56,1318.0,16.5,2.7,4,3,23.81,True,False,False,True,False,False
357,29,95.2,1.86,174,141,52,0.64,496.0,26.6,2.5,2,1,27.52,False,True,False,False,False,True
358,40,51.7,1.82,161,160,71,0.9,792.0,21.4,3.0,3,1,15.61,False,True,False,False,True,False
359,32,105.3,1.67,184,143,72,0.57,448.0,26.9,2.9,3,1,37.76,False,True,True,False,False,False
360,45,71.2,1.68,172,144,63,1.37,888.0,34.1,1.6,3,1,25.23,True,False,False,False,True,False
361,51,78.1,1.51,193,134,74,0.92,555.0,31.1,2.6,3,1,34.25,True,False,False,False,True,False
362,19,50.6,1.68,193,145,64,1.21,877.0,30.6,2.1,3,2,17.93,True,False,False,False,False,True
363,49,70.2,1.89,194,127,51,0.7,440.0,29.6,2.6,3,1,19.65,False,True,False,False,False,True
364,40,62.6,1.53,197,143,73,1.93,1380.0,18.1,2.7,5,3,26.74,True,False,True,False,False,False
365,39,60.6,1.65,162,167,63,0.92,768.0,27.6,1.7,3,1,22.26,True,False,False,True,False,False
366,42,76.4,1.97,165,157,65,1.14,886.0,22.9,2.6,3,2,19.69,False,True,False,True,False,False
367,39,63.3,1.71,178,125,56,1.88,1175.0,18.5,2.7,4,3,21.65,True,False,False,False,True,False
368,39,68.6,1.64,162,154,53,1.33,1024.0,32.4,1.5,3,2,25.51,True,False,True,False,False,False
369,59,123.3,1.88,177,161,67,1.3,1036.0,23.0,2.6,4,2,34.89,False,True,False,True,False,False
370,23,107.0,1.94,198,120,73,1.35,891.0,23.5,2.9,2,1,28.43,False,True,False,True,False,False
371,32,68.3,1.92,168,165,54,1.42,1289.0,29.9,3.5,2,1,18.53,False,True,False,False,True,False
372,54,47.8,1.6,171,155,55,1.19,830.0,26.0,2.3,4,2,18.67,True,False,True,False,False,False
373,50,58.4,1.79,164,131,56,1.6,943.0,17.0,2.7,4,3,18.23,True,False,False,True,False,False
374,25,74.3,1.71,162,157,64,1.43,1123.0,25.6,1.6,3,2,25.41,True,False,False,False,False,True
375,22,106.8,1.82,170,130,50,1.0,715.0,28.2,2.3,4,2,32.24,False,True,False,False,False,True
376,56,125.5,1.8,189,131,73,1.26,817.0,20.9,2.7,4,2,38.73,False,True,False,False,True,False
377,21,55.2,1.55,163,161,53,1.37,1103.0,31.7,1.7,4,2,22.98,True,False,False,False,True,False
378,23,71.4,1.72,164,169,74,1.25,1056.0,25.6,1.5,2,1,24.13,True,False,False,False,True,False
379,49,77.7,1.61,160,158,50,1.03,806.0,26.7,3.4,3,2,29.98,False,True,False,False,True,False
380,47,88.4,1.6,186,126,60,1.86,1160.0,14.2,3.5,5,3,34.53,False,True,False,True,False,False
381,52,104.8,1.99,187,130,67,0.93,598.0,24.0,2.0,2,1,26.46,False,True,True,False,False,False
382,57,82.2,1.69,188,155,63,1.15,882.0,25.2,3.4,4,2,28.78,False,True,False,False,True,False
383,33,68.2,1.75,177,150,71,0.85,638.0,29.0,1.7,2,1,22.27,True,False,False,False,True,False
384,30,91.4,1.99,171,152,60,1.37,1145.0,23.0,3.7,3,2,23.08,False,True,False,True,False,False
385,59,42.1,1.65,172,132,59,1.22,725.0,33.0,2.2,2,1,15.46,True,False,False,False,True,False
386,47,68.7,1.76,161,137,66,1.37,845.0,27.7,2.4,3,2,22.18,True,False,False,False,True,False
387,36,47.2,1.74,196,160,53,1.5,1200.0,32.2,1.6,4,2,15.59,True,False,True,False,False,False
388,34,92.0,1.76,175,143,73,0.73,574.0,22.1,3.5,3,1,29.7,False,True,False,False,False,True
389,36,56.2,1.95,183,128,64,1.09,767.0,22.5,3.4,4,2,14.78,False,True,False,False,True,False
390,45,58.4,1.72,194,150,65,1.31,973.0,23.4,3.1,4,2,19.74,False,True,False,True,False,False
391,43,82.9,1.95,181,160,70,1.9,1505.0,12.9,3.5,5,3,21.8,False,True,True,False,False,False
392,54,66.9,1.74,195,129,62,1.24,720.0,29.5,2.1,2,1,22.1,True,False,False,True,False,False
393,43,66.3,1.85,170,121,58,1.18,707.0,27.5,3.2,2,1,19.37,False,True,True,False,False,False
394,40,93.6,1.93,188,157,60,1.38,1192.0,22.1,2.0,3,1,25.13,False,True,True,False,False,False
395,26,64.1,1.5,194,134,60,1.93,1293.0,15.1,2.7,5,3,28.49,True,False,False,False,True,False
396,29,86.7,1.62,174,122,55,1.52,1020.0,13.9,3.5,4,3,33.04,False,True,False,False,True,False
397,18,62.0,1.59,190,162,50,1.23,996.0,33.2,2.2,4,2,24.52,True,False,False,False,True,False
398,18,58.1,1.61,175,150,71,1.9,1425.0,15.3,2.7,4,3,22.41,True,False,False,False,False,True
399,51,64.9,1.6,169,125,55,1.49,838.0,31.1,2.5,4,2,25.35,True,False,False,False,False,True
400,49,69.3,1.62,191,122,62,1.14,626.0,28.8,1.9,4,2,26.41,True,False,False,True,False,False
401,42,42.7,1.74,161,130,71,1.04,608.0,32.9,1.6,3,1,14.1,True,False,False,False,True,False
402,57,51.4,1.63,183,134,73,1.2,724.0,33.7,2.0,4,2,19.35,True,False,False,False,False,True
403,18,67.4,1.6,182,164,71,0.6,492.0,33.5,2.4,3,1,26.33,True,False,False,False,True,False
404,33,55.6,1.61,161,147,54,1.77,1301.0,18.9,2.7,4,3,21.45,True,False,False,False,False,True
405,56,125.3,1.86,197,129,64,1.0,639.0,22.7,2.2,3,2,36.22,False,True,False,False,False,True
406,22,102.1,1.85,190,157,67,1.48,1278.0,28.1,2.4,4,2,29.83,False,True,True,False,False,False
407,39,61.9,1.77,199,166,69,1.32,1205.0,25.3,2.3,3,1,19.76,False,True,False,False,True,False
408,46,108.8,1.64,185,169,63,1.4,1171.0,20.5,3.4,3,1,40.45,False,True,False,False,True,False
409,20,51.1,1.58,188,169,64,0.5,422.0,29.6,1.6,2,1,20.47,True,False,False,False,False,True
410,29,81.7,1.99,162,126,54,1.45,1005.0,29.4,3.2,2,1,20.63,False,True,False,False,True,False
411,43,42.7,1.66,173,134,53,0.73,440.0,33.9,1.9,2,1,15.5,True,False,False,False,False,True
412,33,81.8,1.99,184,137,51,1.59,1198.0,10.5,3.5,4,3,20.66,False,True,False,False,True,False
413,54,54.6,1.76,160,137,56,1.28,868.0,27.4,3.3,4,2,17.63,False,True,True,False,False,False
414,39,107.7,1.88,162,160,59,0.72,634.0,28.1,3.6,2,1,30.47,False,True,False,False,True,False
415,46,56.9,1.6,185,143,65,0.88,566.0,27.7,1.6,3,1,22.23,True,False,True,False,False,False
416,31,78.8,1.71,177,121,59,1.49,992.0,24.7,2.5,4,2,26.95,False,True,False,True,False,False
417,45,48.2,1.64,168,159,67,1.25,894.0,32.1,2.5,4,2,17.92,True,False,False,False,True,False
418,22,50.7,1.59,197,139,66,1.27,883.0,29.4,1.8,3,2,20.05,True,False,False,False,True,False
419,47,86.6,1.99,182,153,70,1.98,1500.0,10.6,3.5,4,3,21.87,False,True,False,False,True,False
420,22,96.3,1.63,180,162,62,1.35,1203.0,27.1,2.4,4,2,36.25,False,True,True,False,False,False
421,29,80.8,1.98,160,145,50,1.65,1316.0,14.6,3.5,5,3,20.61,False,True,False,False,True,False
422,33,58.0,1.53,180,126,50,1.84,1159.0,18.3,2.7,5,3,24.78,True,False,False,False,True,False
423,43,95.9,1.85,186,157,64,1.28,995.0,27.7,3.4,2,1,28.02,False,True,False,False,False,True
424,43,61.5,1.58,165,149,50,1.86,1247.0,16.8,2.7,5,3,24.64,True,False,False,True,False,False
425,38,40.6,1.79,195,161,55,0.62,499.0,26.8,2.7,2,1,12.67,True,False,True,False,False,False
426,56,82.5,1.87,187,124,74,1.51,927.0,13.2,3.5,5,3,23.59,False,True,False,False,False,True
427,53,105.1,1.84,176,130,62,0.69,444.0,23.3,2.9,3,1,31.04,False,True,True,False,False,False
428,50,58.1,1.58,199,120,50,1.93,1042.0,19.3,2.7,5,3,23.27,True,False,False,False,False,True
429,47,61.0,1.76,162,153,54,1.54,1060.0,15.6,2.7,5,3,19.69,True,False,False,True,False,False
430,54,64.5,1.53,171,120,58,1.74,940.0,17.2,2.7,4,3,27.55,True,False,False,False,False,True
431,40,58.2,1.98,198,138,74,1.43,1085.0,24.0,2.5,3,2,14.85,False,True,True,False,False,False
432,27,69.5,1.76,171,121,66,0.94,569.0,34.4,2.0,3,1,22.44,True,False,False,False,True,False
433,22,62.2,1.84,161,140,65,0.51,393.0,21.5,2.3,3,1,18.37,False,True,False,False,True,False
434,53,68.0,1.7,181,139,57,1.06,663.0,25.1,2.4,4,2,23.53,True,False,False,True,False,False
435,51,56.3,1.5,182,142,66,1.43,914.0,27.4,2.4,3,1,25.02,True,False,True,False,False,False
436,48,94.5,1.7,189,140,64,1.01,700.0,28.2,3.5,3,2,32.7,False,True,True,False,False,False
437,27,58.0,1.79,164,143,73,1.39,994.0,27.1,1.5,2,1,18.1,True,False,True,False,False,False
438,36,84.0,1.94,168,123,50,1.8,1218.0,11.2,3.5,5,3,22.32,False,True,False,True,False,False
439,49,61.0,1.87,180,131,61,1.14,739.0,21.3,3.0,4,2,17.44,False,True,False,False,True,False
440,18,64.8,1.53,170,141,54,1.98,1396.0,18.6,2.7,5,3,27.68,True,False,False,False,False,True
441,22,45.7,1.77,164,139,73,1.04,795.0,20.7,2.4,3,1,14.59,False,True,False,True,False,False
442,21,80.9,1.9,194,137,55,1.8,1356.0,11.7,3.5,4,3,22.41,False,True,False,False,False,True
443,33,64.1,1.63,186,120,74,1.58,948.0,16.4,2.7,5,3,24.13,True,False,False,False,True,False
444,41,67.0,1.77,161,149,50,1.22,900.0,25.6,2.6,3,2,21.39,False,True,False,True,False,False
445,33,106.5,1.6,183,152,74,1.4,1170.0,27.3,3.3,4,2,41.6,False,True,False,False,True,False
446,19,95.1,1.85,190,143,50,1.21,952.0,25.3,2.3,4,2,27.79,False,True,False,False,False,True
447,45,65.5,1.57,192,133,59,0.66,395.0,34.3,2.3,2,1,26.57,True,False,True,False,False,False
448,49,105.7,1.64,198,155,59,1.2,921.0,29.5,3.1,3,2,39.3,False,True,True,False,False,False
449,44,48.0,1.76,189,124,52,0.88,491.0,28.6,2.6,2,1,15.5,True,False,False,False,False,True
450,37,69.5,1.5,196,130,66,0.69,448.0,32.8,2.4,2,1,30.89,True,False,True,False,False,False
451,41,66.1,1.69,187,143,68,0.77,545.0,27.4,3.4,2,1,23.14,False,True,False,False,False,True
452,29,68.0,1.7,190,150,60,0.76,627.0,28.9,2.9,2,1,23.53,False,True,False,True,False,False
453,52,50.3,1.78,170,132,67,0.85,555.0,24.5,2.3,2,1,15.88,False,True,False,True,False,False
454,50,69.3,1.68,182,135,51,1.2,729.0,30.3,2.0,2,1,24.55,True,False,False,True,False,False
455,50,86.7,1.63,161,143,58,1.7,1203.0,12.1,3.5,4,3,32.63,False,True,True,False,False,False
456,54,125.9,1.94,199,132,73,1.35,882.0,28.5,2.9,3,2,33.45,False,True,False,False,True,False
457,29,88.1,1.93,186,143,66,1.88,1479.0,11.1,3.5,5,3,23.65,False,True,True,False,False,False
458,20,124.3,1.82,194,145,63,1.25,997.0,22.4,3.2,3,2,37.53,False,True,True,False,False,False
459,18,62.0,1.85,161,121,53,0.88,586.0,23.7,3.0,3,1,18.12,False,True,False,False,True,False
460,50,69.7,1.72,198,135,66,1.24,753.0,27.3,2.0,4,2,23.56,True,False,False,False,True,False
461,57,60.9,1.52,196,157,66,1.31,926.0,30.6,1.8,3,2,26.36,True,False,False,False,True,False
462,27,76.5,1.97,180,165,61,1.13,1025.0,21.3,2.3,2,1,19.71,False,True,False,False,True,False
463,46,94.7,1.82,164,120,69,1.47,873.0,23.2,3.2,3,2,28.59,False,True,True,False,False,False
464,30,67.9,1.75,180,168,67,1.25,1155.0,29.1,3.1,2,1,22.17,False,True,False,False,False,True
465,29,121.1,1.87,188,130,52,1.31,937.0,24.1,3.2,4,2,34.63,False,True,False,True,False,False
466,48,71.5,1.64,179,154,60,1.46,1012.0,32.5,1.9,4,2,26.58,True,False,False,False,False,True
467,19,98.6,1.7,197,162,74,0.83,740.0,21.1,2.4,2,1,34.12,False,True,True,False,False,False
468,52,68.2,1.63,179,148,67,1.17,779.0,27.5,2.4,3,1,25.67,True,False,False,False,True,False
469,40,57.7,1.69,184,156,53,1.18,920.0,33.1,2.4,4,2,20.2,True,False,False,True,False,False
470,34,124.6,1.63,161,136,66,1.41,1055.0,27.6,2.8,3,2,46.9,False,True,False,True,False,False
471,43,73.0,1.59,191,158,67,1.31,931.0,28.9,2.2,3,1,28.88,True,False,False,False,False,True
472,25,59.4,1.51,185,161,54,1.62,1304.0,19.8,2.7,5,3,26.05,True,False,True,False,False,False
473,46,52.0,1.65,165,147,63,0.7,463.0,34.1,1.9,2,1,19.1,True,False,True,False,False,False
474,43,42.2,1.65,162,148,59,1.33,886.0,34.6,2.3,3,2,15.5,True,False,True,False,False,False
475,27,89.3,1.64,192,162,64,1.82,1622.0,12.1,3.5,4,3,33.2,False,True,False,True,False,False
476,43,110.0,1.76,160,122,50,1.09,658.0,22.0,3.4,3,1,35.51,False,True,False,False,False,True
477,51,66.2,1.58,164,129,65,0.86,499.0,31.3,2.3,3,1,26.52,True,False,False,True,False,False
478,58,58.6,1.66,172,161,60,1.21,964.0,26.8,2.9,2,1,21.27,False,True,False,True,False,False
479,24,51.0,1.67,178,133,72,0.97,710.0,21.3,2.8,3,1,18.29,False,True,False,False,True,False
480,21,101.5,1.95,171,131,69,0.97,699.0,27.9,3.1,3,1,26.69,False,True,False,False,False,True
481,28,114.2,1.87,184,166,55,1.05,959.0,20.2,3.2,3,2,32.66,False,True,False,False,True,False
482,46,54.4,1.72,194,161,73,0.91,725.0,24.8,2.9,2,1,18.39,False,True,True,False,False,False
483,53,52.4,1.57,171,149,71,1.34,898.0,28.3,2.2,3,2,21.26,True,False,False,True,False,False
484,42,85.2,1.81,189,151,65,1.54,1151.0,13.7,3.5,5,3,26.01,False,True,False,False,False,True
485,38,83.6,1.74,164,151,51,1.66,1379.0,11.6,3.5,5,3,27.61,False,True,True,False,False,False
486,53,115.4,1.92,193,161,50,1.36,1084.0,28.3,2.2,4,2,31.3,False,True,False,False,False,True
487,27,71.2,1.97,181,151,73,0.74,615.0,25.9,3.6,3,1,18.35,False,True,False,True,False,False
488,54,78.1,1.6,198,145,73,1.1,718.0,32.9,2.4,4,2,30.51,True,False,False,False,False,True
489,26,54.2,1.65,172,120,58,1.07,642.0,34.9,1.9,4,2,19.91,True,False,True,False,False,False
490,41,77.6,1.76,162,161,71,1.27,920.0,31.8,2.2,4,2,25.05,True,False,False,False,True,False
491,52,44.1,1.62,179,121,61,1.41,768.0,34.8,1.6,3,1,16.8,True,False,False,True,False,False
492,52,85.5,1.8,190,136,66,1.7,1144.0,10.1,3.5,5,3,26.39,False,True,False,False,True,False
493,53,47.8,1.76,164,149,74,1.06,711.0,28.4,1.5,4,2,15.43,True,False,False,True,False,False
494,35,102.5,1.94,183,158,64,0.84,730.0,21.1,2.4,2,1,27.23,False,True,True,False,False,False
495,56,118.0,1.9,199,126,68,0.66,412.0,22.6,3.2,2,1,32.69,False,True,False,True,False,False
496,49,82.3,1.84,192,146,71,1.29,932.0,28.4,3.4,4,2,24.31,False,True,False,False,True,False
497,41,81.6,1.87,167,128,59,1.87,1185.0,10.2,3.5,5,3,23.33,False,True,False,True,False,False
498,40,60.2,1.88,183,141,61,1.22,946.0,25.2,3.0,3,2,17.03,False,True,True,False,False,False
499,49,49.2,1.54,179,153,63,1.28,881.0,30.7,2.1,3,2,20.75,True,False,False,True,False,False
500,54,46.6,1.5,175,165,58,1.38,1025.0,30.6,2.0,2,1,20.71,True,False,False,False,True,False
501,29,68.7,1.72,171,168,62,1.08,907.0,29.8,1.7,4,2,23.22,True,False,True,False,False,False
502,30,60.6,1.55,172,120,52,1.3,780.0,32.9,1.6,3,2,25.22,True,False,False,False,True,False
503,40,52.1,1.61,198,128,70,0.87,612.0,21.3,3.3,2,1,20.1,False,True,False,True,False,False
504,42,46.6,1.77,184,139,63,0.61,382.0,28.1,2.6,2,1,14.87,True,False,False,False,False,True
505,52,65.5,1.74,191,138,70,1.48,1011.0,26.2,2.8,4,2,21.63,False,True,False,False,True,False
506,58,44.2,1.57,183,155,59,1.08,753.0,31.9,2.3,3,1,17.93,True,False,False,True,False,False
507,47,89.1,1.84,168,159,65,1.44,1133.0,24.0,3.6,3,2,26.32,False,True,False,False,False,True
508,34,65.9,1.62,199,164,56,0.81,731.0,28.8,2.2,2,1,25.11,False,True,False,False,False,True
509,37,55.6,1.57,182,123,53,0.97,597.0,29.2,2.4,2,1,22.56,True,False,True,False,False,False
510,42,63.7,1.98,172,128,69,1.37,868.0,24.0,3.0,2,1,16.25,False,True,False,False,False,True
511,39,86.2,1.82,191,160,72,1.96,1725.0,10.2,3.5,5,3,26.02,False,True,False,False,True,False
512,30,59.2,1.63,174,141,74,1.85,1304.0,17.8,2.7,4,3,22.28,True,False,False,False,True,False
513,36,85.4,1.88,195,137,60,1.98,1492.0,13.5,3.5,5,3,24.16,False,True,False,False,False,True
514,53,68.1,1.55,164,131,65,1.41,831.0,26.1,2.2,4,2,28.35,True,False,False,True,False,False
515,29,60.0,1.62,181,161,69,0.85,684.0,28.1,1.9,2,1,22.86,True,False,False,False,True,False
516,58,74.8,1.69,175,162,53,1.28,933.0,32.8,2.3,4,2,26.19,True,False,False,False,True,False
517,36,90.3,1.65,169,158,71,1.38,1199.0,23.7,3.4,4,2,33.17,False,True,True,False,False,False
518,29,86.1,1.65,183,128,71,1.66,1169.0,11.2,3.5,4,3,31.63,False,True,False,True,False,False
519,26,73.7,1.66,177,125,72,0.93,639.0,26.7,2.2,2,1,26.75,False,True,False,False,False,True
520,24,67.7,1.56,177,138,66,1.42,980.0,27.0,2.1,3,2,27.82,True,False,False,True,False,False
521,45,78.3,1.96,166,167,62,1.29,1066.0,29.0,2.2,3,1,20.38,False,True,True,False,False,False
522,31,48.2,1.65,163,166,60,1.1,913.0,26.1,2.5,2,1,17.7,True,False,True,False,False,False
523,48,56.8,1.51,185,126,52,1.37,777.0,32.1,2.1,4,2,24.91,True,False,False,True,False,False
524,36,112.4,1.63,164,135,58,1.02,757.0,25.0,3.4,4,2,42.3,False,True,True,False,False,False
525,33,59.0,1.67,175,124,55,0.9,558.0,33.7,1.9,3,1,21.16,True,False,True,False,False,False
526,22,98.4,1.88,194,135,71,0.52,386.0,21.3,2.2,2,1,27.84,False,True,True,False,False,False
527,52,66.5,1.6,185,120,70,1.34,796.0,26.8,2.1,4,2,25.98,False,True,False,True,False,False
528,29,106.5,1.81,177,156,60,1.29,1107.0,25.7,2.5,4,2,32.51,False,True,True,False,False,False
529,42,88.4,1.93,188,158,65,1.68,1314.0,12.4,3.5,4,3,23.73,False,True,False,False,False,True
530,38,88.4,1.79,182,138,68,1.74,1321.0,12.5,3.5,5,3,27.59,False,True,False,False,False,True
531,53,53.3,1.74,173,156,54,1.37,962.0,32.2,1.8,3,2,17.6,True,False,False,False,True,False
532,40,58.1,1.56,174,136,63,0.61,415.0,34.4,2.2,2,1,23.87,True,False,False,False,False,True
533,33,74.2,1.76,192,145,66,1.15,834.0,25.9,1.5,4,2,23.95,True,False,False,False,True,False
534,56,84.6,1.63,184,141,52,1.01,705.0,20.2,2.9,4,2,31.84,False,True,False,True,False,False
535,59,78.0,1.92,180,127,53,0.72,453.0,28.1,2.7,3,1,21.16,False,True,True,False,False,False
536,56,89.0,1.68,176,152,65,1.77,1332.0,10.5,3.5,5,3,31.53,False,True,False,False,False,True
537,31,42.7,1.76,182,121,65,1.46,883.0,34.9,2.2,3,1,13.78,True,False,False,False,True,False
538,48,83.9,1.82,176,149,70,1.9,1401.0,13.1,3.5,5,3,25.33,False,True,False,True,False,False
539,22,78.7,1.52,173,166,74,1.45,1204.0,31.5,2.3,3,2,34.06,True,False,False,False,True,False
540,52,65.9,1.52,188,139,53,1.27,794.0,27.0,2.3,4,2,28.52,True,False,True,False,False,False
541,40,76.9,1.92,179,137,68,1.13,851.0,22.4,3.7,4,2,20.86,False,True,False,False,False,True
542,46,84.3,2.0,189,162,66,1.83,1467.0,13.3,3.5,5,3,21.07,False,True,False,True,False,False
543,28,62.4,1.6,178,129,62,1.1,710.0,34.1,1.7,3,2,24.37,True,False,False,False,True,False
544,35,63.7,1.74,198,143,71,1.03,810.0,29.8,2.7,4,2,21.04,False,True,False,True,False,False
545,29,54.9,1.52,172,123,72,1.48,910.0,27.0,2.0,3,1,23.76,True,False,False,False,True,False
546,26,76.4,1.79,177,156,73,1.17,1004.0,21.3,2.7,3,2,23.84,False,True,False,False,True,False
547,27,106.4,1.86,182,123,50,1.34,907.0,20.6,3.1,2,1,30.76,False,True,True,False,False,False
548,34,68.4,1.5,192,132,61,1.37,904.0,33.7,2.1,4,2,30.4,True,False,True,False,False,False
549,55,63.5,1.86,198,144,53,1.36,969.0,22.9,2.9,4,2,18.35,False,True,False,False,True,False
550,24,59.4,1.5,199,132,60,1.25,825.0,25.0,2.0,3,2,26.4,True,False,False,False,False,True
551,30,113.4,1.91,177,137,54,1.27,957.0,22.2,3.7,3,1,31.08,False,True,False,True,False,False
552,57,61.9,1.52,168,143,51,0.92,592.0,28.4,2.6,3,1,26.79,True,False,False,True,False,False
553,59,70.7,1.68,192,121,66,1.17,637.0,34.9,1.9,3,2,25.05,True,False,True,False,False,False
554,26,111.5,1.9,191,167,57,1.02,937.0,25.2,2.2,2,1,30.89,False,True,False,False,False,True
555,44,72.1,1.66,176,152,55,1.4,958.0,27.0,2.5,2,1,26.16,True,False,False,False,True,False
556,19,56.9,1.87,178,138,70,0.61,463.0,23.3,3.7,3,1,16.27,False,True,True,False,False,False
557,22,86.2,1.9,186,128,58,1.91,1345.0,11.7,3.5,5,3,23.88,False,True,False,False,True,False
558,46,59.4,1.68,165,147,62,1.16,844.0,20.2,2.5,4,2,21.05,False,True,False,False,True,False
559,54,75.6,1.72,194,154,60,0.97,672.0,26.4,1.9,3,1,25.55,True,False,True,False,False,False
560,55,76.3,1.73,196,158,65,1.08,768.0,32.0,2.6,3,1,25.49,True,False,False,False,False,True
561,36,95.8,1.86,193,129,65,1.37,972.0,21.2,3.2,3,1,27.69,False,True,False,True,False,False
562,25,120.6,1.83,179,120,51,1.04,686.0,22.3,2.5,3,2,36.01,False,True,True,False,False,False
563,18,65.3,1.55,184,161,59,1.42,1143.0,28.5,2.2,3,2,27.18,True,False,False,False,False,True
564,39,85.3,1.89,163,140,61,0.77,593.0,27.6,3.6,2,1,23.88,False,True,False,False,True,False
565,34,68.0,1.68,169,128,57,0.67,472.0,25.8,3.4,2,1,24.09,False,True,True,False,False,False
566,24,52.6,1.57,169,166,60,1.29,1071.0,31.9,2.4,2,1,21.34,True,False,False,True,False,False
567,42,63.3,1.77,183,134,59,1.32,876.0,25.7,3.3,3,2,20.2,False,True,False,True,False,False
568,21,76.3,1.65,180,154,62,1.14,878.0,31.8,1.7,3,2,28.03,True,False,False,False,True,False
569,53,61.0,1.63,170,124,74,0.54,331.0,20.0,3.4,3,1,22.96,False,True,True,False,False,False
570,23,67.8,1.61,186,160,66,1.34,1072.0,34.3,1.8,2,1,26.16,True,False,False,True,False,False
571,48,114.9,1.86,175,141,56,1.36,949.0,21.1,3.6,3,1,33.21,False,True,True,False,False,False
572,36,88.0,1.71,185,160,73,1.87,1646.0,12.0,3.5,5,3,30.09,False,True,False,True,False,False
573,56,67.7,1.58,189,142,52,1.45,927.0,32.7,1.9,2,1,27.12,True,False,False,False,True,False
574,44,124.8,1.85,175,126,69,1.35,842.0,24.4,3.5,4,2,36.46,False,True,False,False,True,False
575,27,53.0,1.58,166,142,62,1.26,895.0,34.5,1.8,4,2,21.23,True,False,True,False,False,False
576,43,61.2,1.88,175,163,68,1.03,831.0,24.7,2.9,3,1,17.32,False,True,False,False,False,True
577,36,48.7,1.68,194,144,56,1.23,886.0,33.7,1.6,3,1,17.25,True,False,False,False,False,True
578,56,50.6,1.7,175,146,58,1.29,848.0,33.1,2.3,2,1,17.51,True,False,False,False,True,False
579,20,72.6,1.73,199,160,68,1.27,1016.0,34.8,2.5,3,2,24.26,True,False,False,True,False,False
580,30,70.4,1.56,171,125,62,1.03,644.0,34.3,2.4,4,2,28.93,True,False,False,False,False,True
581,45,52.5,1.88,194,153,71,1.08,818.0,29.0,2.9,4,2,14.85,False,True,False,False,True,False
582,37,76.3,1.77,180,128,57,1.36,957.0,27.3,2.1,4,2,24.35,False,True,False,True,False,False
583,45,41.2,1.58,195,168,71,1.47,1111.0,28.7,2.6,2,1,16.5,True,False,False,True,False,False
584,25,55.3,1.76,176,152,67,1.56,1186.0,15.5,2.7,4,3,17.85,True,False,False,False,False,True
585,58,49.7,1.67,191,125,72,1.38,776.0,31.9,2.3,4,2,17.82,True,False,False,False,True,False
586,56,48.3,1.87,165,156,51,0.68,525.0,29.8,3.3,3,1,13.81,False,True,False,True,False,False
587,18,83.2,1.96,183,150,67,1.83,1510.0,13.6,3.5,4,3,21.66,False,True,False,True,False,False
588,20,120.5,1.73,186,153,67,1.01,850.0,29.3,3.4,3,2,40.26,False,True,True,False,False,False
589,30,121.6,2.0,179,160,60,1.24,1091.0,28.0,3.3,4,2,30.4,False,True,True,False,False,False
590,45,73.0,1.75,184,148,50,1.14,759.0,26.6,2.0,4,2,23.84,True,False,False,False,False,True
591,42,57.5,1.67,161,133,63,1.76,1053.0,16.2,2.7,5,3,20.62,True,False,True,False,False,False
592,50,42.7,1.53,168,155,65,1.41,983.0,28.4,2.4,4,2,18.24,True,False,False,False,True,False
593,55,129.9,1.73,187,155,60,0.69,529.0,21.7,3.1,3,1,43.4,False,True,False,False,False,True
594,23,108.6,1.92,197,134,50,0.89,656.0,25.8,3.5,2,1,29.46,False,True,False,False,False,True
595,49,88.6,2.0,162,127,56,1.83,1150.0,14.9,3.5,4,3,22.15,False,True,True,False,False,False
596,38,49.7,1.51,179,145,65,1.25,906.0,32.6,2.5,3,1,21.8,True,False,False,True,False,False
597,33,56.4,1.54,165,155,63,1.06,822.0,29.2,1.5,3,1,23.78,True,False,False,False,True,False
598,38,46.9,1.74,198,167,64,1.03,946.0,20.0,2.6,4,2,15.49,False,True,False,False,True,False
599,28,71.3,1.67,192,140,63,1.46,1022.0,28.1,1.5,4,2,25.57,True,False,False,False,True,False
600,54,71.6,1.86,160,147,70,1.14,830.0,25.3,2.2,3,2,20.7,False,True,False,False,False,True
601,53,82.3,1.61,196,123,60,1.87,1139.0,11.6,3.5,5,3,31.75,False,True,False,False,True,False
602,52,70.6,1.69,165,135,65,1.36,826.0,26.1,2.2,3,1,24.72,True,False,False,True,False,False
603,36,109.8,1.62,193,141,68,0.84,651.0,24.4,3.5,3,1,41.84,False,True,False,True,False,False
604,37,73.5,1.69,174,131,66,0.54,354.0,27.5,1.6,2,1,25.73,True,False,True,False,False,False
605,35,85.6,1.85,185,135,55,1.78,1322.0,14.5,3.5,5,3,25.01,False,True,False,False,True,False
606,58,74.6,1.68,173,159,60,1.03,737.0,26.0,2.0,4,2,26.43,True,False,False,False,False,True
607,31,63.2,1.8,166,157,66,0.59,463.0,25.5,2.6,2,1,19.51,True,False,True,False,False,False
608,32,62.6,1.63,190,161,58,1.67,1344.0,15.0,2.7,5,3,23.56,True,False,False,True,False,False
609,48,87.1,1.76,183,156,67,1.81,1398.0,11.6,3.5,5,3,28.12,False,True,False,False,True,False
610,18,82.3,1.84,190,148,66,1.73,1408.0,13.3,3.5,5,3,24.31,False,True,False,True,False,False
611,20,64.3,1.78,188,137,61,1.71,1171.0,18.7,2.7,4,3,20.29,True,False,True,False,False,False
612,33,53.7,1.66,191,129,72,1.25,806.0,29.5,2.5,3,1,19.49,True,False,False,True,False,False
613,40,63.0,2.0,176,161,71,1.42,1257.0,26.8,2.9,4,2,15.75,False,True,False,False,True,False
614,28,128.4,1.86,173,158,71,1.06,921.0,23.6,3.3,4,2,37.11,False,True,False,False,True,False
615,29,88.0,1.89,199,137,54,1.75,1319.0,13.3,3.5,5,3,24.64,False,True,True,False,False,False
616,27,63.7,1.52,195,120,60,1.19,714.0,25.4,2.1,4,2,27.57,True,False,False,False,True,False
617,49,83.7,1.87,183,158,53,1.29,1009.0,23.9,2.3,4,2,23.94,False,True,False,True,False,False
618,33,102.6,1.75,186,140,53,1.4,1078.0,27.9,2.2,3,2,33.5,False,True,False,True,False,False
619,25,77.7,1.55,184,120,52,0.55,330.0,33.0,1.7,2,1,32.34,True,False,False,False,False,True
620,55,87.5,1.88,191,134,73,1.19,789.0,27.2,2.6,4,2,24.76,False,True,False,False,False,True
621,29,87.0,1.86,177,123,72,1.52,1028.0,11.0,3.5,4,3,25.15,False,True,False,False,False,True
622,41,82.8,1.66,177,139,74,1.97,1355.0,11.2,3.5,5,3,30.05,False,True,False,True,False,False
623,45,65.4,1.68,196,129,66,0.76,441.0,35.0,2.6,3,1,23.17,True,False,False,True,False,False
624,25,47.2,1.71,185,142,56,0.89,632.0,26.0,2.5,2,1,16.14,True,False,True,False,False,False
625,45,58.2,1.7,168,160,53,0.95,684.0,26.8,2.0,3,1,20.14,True,False,False,False,False,True
626,53,73.5,1.55,194,153,72,1.17,806.0,26.3,2.1,4,2,30.59,True,False,False,True,False,False
627,43,55.2,1.73,167,165,62,1.67,1240.0,16.6,2.7,5,3,18.44,True,False,True,False,False,False
628,25,64.4,1.71,179,167,61,1.12,935.0,27.1,1.8,3,1,22.02,True,False,False,True,False,False
629,45,73.5,1.74,181,152,50,1.18,807.0,30.0,2.3,4,2,24.28,True,False,True,False,False,False
630,45,89.6,1.81,178,153,70,1.7,1287.0,12.4,3.5,5,3,27.35,False,True,False,False,False,True
631,54,86.5,1.76,189,158,68,1.48,1158.0,29.0,3.4,3,2,27.92,False,True,False,False,False,True
632,58,46.1,1.67,187,129,70,1.28,743.0,25.3,1.8,4,2,16.53,True,False,False,False,False,True
633,53,68.5,1.97,194,139,69,1.3,894.0,23.2,2.1,3,2,17.65,False,True,False,True,False,False
634,44,94.6,1.84,170,120,67,1.26,748.0,26.0,3.1,4,2,27.94,False,True,False,True,False,False
635,34,54.2,1.52,190,132,60,1.13,746.0,31.0,2.2,3,1,23.46,True,False,True,False,False,False
636,26,47.7,1.77,198,120,69,1.15,759.0,24.8,2.7,3,2,15.23,False,True,False,False,True,False
637,50,52.2,1.84,195,124,52,1.38,847.0,28.2,3.1,4,2,15.42,False,True,False,False,True,False
638,37,88.8,1.95,189,135,66,1.58,1173.0,10.3,3.5,5,3,23.35,False,True,False,False,False,True
639,30,101.0,1.68,182,134,61,1.46,1076.0,28.2,2.9,4,2,35.79,False,True,False,False,True,False
640,45,118.4,1.95,178,168,59,1.06,881.0,24.9,2.4,3,2,31.14,False,True,False,False,False,True
641,46,47.9,1.72,171,147,57,1.41,933.0,26.3,2.0,3,1,16.19,True,False,True,False,False,False
642,30,51.5,1.74,174,150,64,1.08,810.0,33.9,2.0,3,2,17.01,True,False,False,False,True,False
643,52,79.9,1.51,190,142,54,0.75,479.0,31.5,2.6,3,1,35.04,True,False,False,False,True,False
644,23,121.3,1.85,196,167,53,0.72,661.0,21.6,3.6,2,1,35.44,False,True,False,False,False,True
645,35,78.9,1.64,196,164,70,1.28,1050.0,25.3,2.6,4,2,29.34,True,False,True,False,False,False
646,22,88.5,1.62,174,162,69,1.88,1675.0,10.7,3.5,5,3,33.72,False,True,False,False,True,False
647,42,73.5,1.63,188,136,68,0.52,350.0,26.1,3.2,3,1,27.66,False,True,False,False,True,False
648,19,127.9,1.93,185,168,70,1.27,1173.0,21.8,3.0,4,2,34.34,False,True,False,False,True,False
649,27,88.5,1.98,161,153,53,1.8,1515.0,11.1,3.5,4,3,22.57,False,True,True,False,False,False
650,47,43.4,1.62,179,132,64,0.51,303.0,25.3,2.3,3,1,16.54,True,False,True,False,False,False
651,22,42.8,1.56,174,133,66,1.47,978.0,32.2,2.6,3,2,17.59,True,False,False,False,True,False
652,50,64.5,1.79,163,130,61,1.17,753.0,28.1,2.4,4,2,20.13,False,True,False,False,False,True
653,18,50.7,1.53,181,147,52,1.29,948.0,33.0,2.1,3,2,21.66,True,False,False,False,False,True
654,35,59.2,1.66,197,161,59,1.3,1151.0,21.3,3.2,3,1,21.48,False,True,False,False,True,False
655,49,78.9,1.73,182,151,64,1.38,938.0,34.0,2.3,2,1,26.36,True,False,True,False,False,False
656,28,78.7,1.63,185,154,59,1.1,847.0,31.7,1.8,3,2,29.62,True,False,False,False,True,False
657,38,68.7,1.92,170,150,73,1.31,1081.0,29.0,3.0,4,2,18.64,False,True,True,False,False,False
658,43,53.1,1.59,187,136,72,0.82,502.0,29.5,2.5,2,1,21.0,True,False,False,False,True,False
659,42,64.8,1.65,161,166,67,1.1,904.0,24.4,2.8,3,2,23.8,False,True,True,False,False,False
660,39,50.3,1.61,167,128,50,1.17,749.0,32.8,2.5,2,1,19.41,True,False,False,True,False,False
661,44,102.3,1.63,188,129,52,1.34,856.0,20.9,2.6,4,2,38.5,False,True,False,False,False,True
662,30,62.9,1.92,170,127,70,1.13,789.0,25.2,3.6,2,1,17.06,False,True,False,True,False,False
663,50,56.5,1.6,196,140,61,1.88,1184.0,19.2,2.7,5,3,22.07,True,False,False,False,False,True
664,51,74.6,1.55,177,132,50,0.71,422.0,33.3,2.1,2,1,31.05,True,False,True,False,False,False
665,58,52.0,1.79,173,169,52,1.12,937.0,29.6,3.0,3,1,16.23,False,True,False,True,False,False
666,52,52.1,1.67,169,124,52,1.5,837.0,32.0,1.5,2,1,18.68,True,False,False,False,False,True
667,18,72.2,1.54,194,125,54,0.97,606.0,27.1,1.7,2,1,30.44,True,False,False,False,True,False
668,38,85.8,1.8,168,149,68,1.72,1410.0,10.1,3.5,4,3,26.48,False,True,True,False,False,False
669,23,81.4,1.85,194,150,74,1.6,1320.0,12.4,3.5,4,3,23.78,False,True,True,False,False,False
670,45,50.9,1.65,170,136,50,1.45,887.0,30.1,2.3,2,1,18.7,True,False,False,False,True,False
671,34,52.0,1.78,171,130,53,1.38,987.0,22.4,2.7,4,2,16.41,False,True,False,False,True,False
672,22,71.0,1.93,162,139,53,1.42,1086.0,21.2,2.9,4,2,19.06,False,True,False,False,False,True
673,48,80.6,1.77,198,167,66,1.51,1248.0,12.9,3.5,4,3,25.73,False,True,True,False,False,False
674,22,58.3,1.72,173,128,63,1.0,640.0,32.6,1.6,3,2,19.71,True,False,False,False,False,True
675,55,63.0,1.7,187,121,67,1.32,719.0,34.9,2.5,3,1,21.8,True,False,False,False,True,False
676,20,111.0,1.94,170,156,50,1.02,875.0,27.6,3.3,4,2,29.49,False,True,True,False,False,False
677,40,52.6,1.66,198,120,71,1.27,762.0,32.9,1.7,3,2,19.09,True,False,False,False,True,False
678,54,116.4,2.0,184,123,65,1.13,688.0,26.2,3.1,3,1,29.1,False,True,False,False,False,True
679,54,75.6,1.61,180,155,52,1.41,983.0,34.9,2.5,4,2,29.17,True,False,False,False,False,True
680,27,61.6,1.8,169,144,72,1.48,1172.0,26.4,3.1,2,1,19.01,False,True,False,False,False,True
681,27,108.0,1.8,174,122,70,1.38,926.0,28.6,2.5,4,2,33.33,False,True,True,False,False,False
682,36,59.3,1.75,178,128,58,0.99,634.0,34.5,2.3,3,1,19.36,True,False,False,False,True,False
683,34,75.7,1.94,181,141,72,1.18,915.0,29.3,2.4,4,2,20.11,False,True,False,False,True,False
684,38,56.3,1.6,180,142,53,1.21,859.0,28.8,1.9,4,2,21.99,True,False,False,False,False,True
685,31,58.2,1.73,191,131,70,1.17,766.0,25.8,1.8,3,2,19.45,True,False,False,False,False,True
686,26,55.7,1.68,182,129,54,1.13,802.0,21.7,2.9,3,1,19.73,False,True,False,False,False,True
687,18,125.9,1.67,172,153,60,1.46,1229.0,20.6,2.2,3,2,45.14,False,True,False,False,False,True
688,30,62.7,1.67,164,162,70,1.02,826.0,26.1,2.6,4,2,22.48,True,False,False,True,False,False
689,21,86.6,1.86,163,129,58,1.37,972.0,21.8,2.6,3,2,25.03,False,True,False,True,False,False
690,18,64.5,1.82,187,149,52,1.2,983.0,23.4,2.4,3,2,19.47,False,True,False,True,False,False
691,57,76.6,1.86,173,141,55,1.14,796.0,25.4,2.8,4,2,22.14,False,True,False,False,False,True
692,49,81.4,1.83,167,125,73,1.98,1225.0,13.6,3.5,5,3,24.31,False,True,False,False,False,True
693,51,60.7,1.71,168,169,60,1.14,954.0,22.1,2.5,2,1,20.76,False,True,False,False,True,False
694,45,57.2,1.55,194,121,58,1.67,909.0,18.4,2.7,5,3,23.81,True,False,True,False,False,False
695,48,73.0,1.59,196,149,64,1.19,798.0,32.0,2.1,3,2,28.88,True,False,False,False,True,False
696,25,123.8,1.99,180,121,72,1.13,752.0,25.6,2.6,3,1,31.26,False,True,False,True,False,False
697,56,93.6,1.66,177,151,52,1.37,1024.0,29.0,2.2,2,1,33.97,False,True,False,False,True,False
698,43,76.8,1.92,192,161,50,1.24,988.0,21.1,2.5,3,1,20.83,False,True,False,False,False,True
699,51,54.7,1.53,167,135,69,1.11,674.0,26.8,2.0,4,2,23.37,True,False,False,True,False,False
700,20,92.3,1.94,176,131,71,1.14,821.0,24.3,2.1,3,2,24.52,False,True,False,True,False,False
701,29,71.8,1.55,190,120,68,1.2,720.0,26.3,2.4,4,2,29.89,True,False,True,False,False,False
702,18,66.9,1.57,193,127,63,1.07,679.0,30.7,2.2,3,2,27.14,True,False,True,False,False,False
703,22,48.7,1.76,165,167,66,1.37,1144.0,29.0,2.2,4,2,15.72,True,False,False,True,False,False
704,47,66.2,1.71,181,169,71,1.42,1188.0,22.8,2.9,3,1,22.64,False,True,False,True,False,False
705,47,40.0,1.76,173,132,63,0.8,475.0,26.7,2.2,3,1,12.91,True,False,False,False,True,False
706,34,112.4,1.85,162,134,66,1.18,870.0,23.4,3.6,4,2,32.84,False,True,False,True,False,False
707,40,70.0,1.55,171,163,74,0.85,693.0,31.1,1.5,3,1,29.14,True,False,False,False,False,True
708,32,84.0,1.74,195,127,63,1.45,1013.0,25.8,2.1,3,1,27.74,False,True,False,False,True,False
709,54,43.8,1.65,171,129,61,1.29,749.0,26.6,1.7,4,2,16.09,True,False,False,False,False,True
710,38,123.3,1.62,161,165,65,1.34,1216.0,21.2,2.3,4,2,46.98,False,True,False,False,False,True
711,31,57.9,1.56,161,124,50,1.8,1116.0,15.1,2.7,5,3,23.79,True,False,False,False,False,True
712,19,82.4,1.96,174,169,62,1.9,1766.0,10.1,3.5,5,3,21.45,False,True,False,True,False,False
713,28,84.8,1.79,182,138,55,1.35,1025.0,28.8,2.3,4,2,26.47,False,True,True,False,False,False
714,56,109.6,1.66,188,166,66,1.29,1060.0,20.5,3.1,3,2,39.77,False,True,True,False,False,False
715,55,86.4,1.77,176,157,61,1.0,777.0,27.3,2.8,3,2,27.58,False,True,False,False,False,True
716,51,63.9,1.8,191,130,72,1.07,626.0,33.7,2.7,4,2,19.72,True,False,False,True,False,False
717,55,70.8,1.62,166,162,68,0.54,394.0,26.0,1.8,3,1,26.98,True,False,False,False,True,False
718,51,115.3,1.67,189,139,55,1.38,950.0,24.4,2.5,3,2,41.34,False,True,False,False,False,True
719,35,55.3,1.56,187,139,56,1.71,1188.0,19.8,2.7,5,3,22.72,True,False,False,False,True,False
720,47,73.9,1.8,173,140,50,1.36,942.0,28.3,3.7,3,1,22.81,False,True,False,False,True,False
721,32,97.3,1.96,189,137,50,1.36,1025.0,24.9,3.4,3,2,25.33,False,True,False,True,False,False
722,44,60.4,1.65,176,169,54,1.27,966.0,32.6,2.1,4,2,22.19,True,False,False,True,False,False
723,51,49.3,1.61,191,129,55,1.36,868.0,28.3,2.9,2,1,19.02,False,True,True,False,False,False
724,55,91.8,1.78,165,153,65,1.44,1091.0,23.5,3.4,3,1,28.97,False,True,True,False,False,False
725,50,73.6,1.55,183,145,74,0.89,581.0,33.9,2.1,3,1,30.63,True,False,False,True,False,False
726,41,47.1,1.78,165,149,65,1.26,929.0,24.7,2.4,3,1,14.87,False,True,False,False,False,True
727,32,65.2,1.62,186,128,63,0.58,408.0,25.3,3.4,2,1,24.84,False,True,True,False,False,False
728,47,87.2,1.64,177,165,50,2.0,1634.0,15.0,3.5,4,3,32.42,False,True,False,False,True,False
729,59,96.7,1.71,183,150,62,0.57,423.0,28.4,2.9,3,1,33.07,False,True,False,False,False,True
730,34,46.9,1.61,196,161,69,1.02,821.0,28.6,1.7,3,2,18.09,True,False,False,False,True,False
731,22,72.1,1.62,183,123,59,1.38,849.0,25.1,2.1,3,1,27.47,True,False,False,True,False,False
732,46,62.5,1.54,197,125,73,1.61,906.0,18.1,2.7,4,3,26.35,True,False,False,False,True,False
733,21,110.7,1.69,193,133,59,1.06,775.0,27.0,2.7,3,1,38.76,False,True,False,False,False,True
734,27,102.6,1.83,199,123,58,1.41,954.0,26.5,3.5,3,2,30.64,False,True,False,True,False,False
735,34,64.3,1.62,174,145,62,1.76,1276.0,19.8,2.7,5,3,24.5,True,False,False,False,False,True
736,27,80.7,1.61,170,166,52,1.75,1598.0,14.3,3.5,4,3,31.13,False,True,False,False,True,False
737,34,115.3,1.81,181,167,67,1.36,1249.0,24.5,2.2,2,1,35.19,False,True,False,False,False,True
738,37,87.8,1.69,183,158,69,1.81,1573.0,10.3,3.5,5,3,30.74,False,True,False,True,False,False
739,41,74.3,1.61,160,136,51,1.06,714.0,24.8,3.5,4,2,28.66,False,True,False,False,True,False
740,22,78.5,1.7,177,138,66,1.36,938.0,31.9,2.1,4,2,27.16,True,False,False,False,True,False
741,51,77.3,1.58,171,168,68,0.97,733.0,31.1,2.0,2,1,30.96,True,False,True,False,False,False
742,23,64.5,1.7,187,125,72,0.51,319.0,30.4,1.7,2,1,22.32,True,False,True,False,False,False
743,19,72.0,1.94,199,148,62,1.17,952.0,24.7,3.2,3,2,19.13,False,True,False,False,False,True
744,30,77.9,1.77,166,130,62,1.41,916.0,27.9,2.6,4,2,24.87,True,False,True,False,False,False
745,28,69.6,1.58,182,135,50,1.49,1006.0,27.8,2.0,3,2,27.88,True,False,True,False,False,False
746,40,68.9,1.99,180,149,51,1.16,951.0,25.0,2.4,4,2,17.4,False,True,True,False,False,False
747,33,45.9,1.89,193,144,50,1.45,1148.0,21.6,2.9,3,2,12.85,False,True,True,False,False,False
748,48,68.2,1.69,170,159,73,0.75,537.0,28.4,2.5,3,1,23.88,True,False,False,True,False,False
749,28,79.6,1.59,181,130,54,1.49,968.0,28.2,1.5,3,2,31.49,True,False,False,True,False,False
750,33,53.6,1.52,194,126,73,1.02,643.0,30.9,2.3,2,1,23.2,True,False,True,False,False,False
751,25,57.7,1.58,188,145,52,1.36,986.0,25.7,2.2,3,2,23.11,True,False,False,False,False,True
752,21,74.2,1.93,187,141,56,1.32,1024.0,28.3,2.5,3,2,19.92,False,True,False,True,False,False
753,57,64.4,1.56,177,144,73,1.52,985.0,17.8,2.7,5,3,26.46,True,False,True,False,False,False
754,21,54.9,1.78,173,138,71,0.55,380.0,31.7,2.0,2,1,17.33,True,False,False,True,False,False
755,42,50.3,1.64,177,150,62,0.63,468.0,27.0,2.4,3,1,18.7,False,True,False,False,True,False
756,20,46.5,1.68,187,145,72,0.91,660.0,27.9,2.4,2,1,16.48,True,False,False,True,False,False
757,49,57.8,1.99,183,161,67,0.93,741.0,24.7,3.1,3,1,14.6,False,True,False,True,False,False
758,20,83.0,1.8,167,160,73,0.79,695.0,29.6,2.9,2,1,25.62,False,True,False,False,False,True
759,44,82.5,1.79,167,155,70,1.51,1159.0,13.8,3.5,5,3,25.75,False,True,False,True,False,False
760,46,66.5,1.73,163,142,56,1.11,709.0,34.7,2.0,3,1,22.22,True,False,False,False,False,True
761,49,70.2,1.67,186,166,50,0.93,695.0,32.5,1.8,3,1,25.17,True,False,False,False,True,False
762,36,121.9,1.93,195,132,54,1.49,1082.0,21.8,3.4,3,2,32.73,False,True,True,False,False,False
763,38,70.3,1.52,164,144,66,1.19,857.0,25.6,2.0,4,2,30.43,True,False,False,False,False,True
764,22,40.3,1.56,192,121,57,1.45,877.0,30.8,2.1,4,2,16.56,True,False,False,True,False,False
765,35,101.4,1.76,193,121,64,0.84,559.0,23.6,2.9,2,1,32.74,False,True,False,True,False,False
766,45,79.2,1.95,189,135,69,1.47,982.0,22.8,2.8,3,2,20.83,False,True,False,False,False,True
767,59,75.8,1.77,167,128,53,1.46,841.0,33.1,1.8,3,1,24.19,True,False,False,False,True,False
768,39,71.7,1.88,198,147,51,0.55,445.0,23.7,2.2,2,1,20.29,False,True,True,False,False,False
769,38,57.7,1.56,185,132,54,1.64,1082.0,16.6,2.7,5,3,23.71,True,False,False,True,False,False
770,23,47.4,1.6,196,154,50,0.76,585.0,33.5,1.6,3,1,18.52,True,False,False,False,True,False
771,18,57.2,1.75,193,160,74,1.29,1032.0,33.5,2.4,3,2,18.68,True,False,True,False,False,False
772,22,44.8,1.72,166,132,54,1.48,977.0,28.6,1.8,4,2,15.14,True,False,True,False,False,False
773,58,90.2,1.72,199,150,55,0.9,668.0,28.3,2.1,2,1,30.49,False,True,False,True,False,False
774,29,84.9,1.72,187,140,51,1.79,1378.0,14.3,3.5,4,3,28.7,False,True,False,False,False,True
775,43,95.7,1.77,198,151,50,1.08,807.0,24.2,3.4,3,1,30.55,False,True,False,True,False,False
776,51,59.0,1.65,198,153,53,1.22,924.0,20.7,2.3,3,2,21.67,False,True,False,True,False,False
777,31,60.5,1.77,187,127,56,1.72,1092.0,15.0,2.7,4,3,19.31,True,False,False,True,False,False
778,43,53.8,1.72,173,160,71,1.03,742.0,30.2,2.3,4,2,18.19,True,False,False,False,True,False
779,44,86.6,1.97,197,167,50,1.66,1372.0,11.7,3.5,5,3,22.31,False,True,False,False,False,True
780,26,72.8,1.67,163,121,50,1.37,829.0,35.0,1.9,2,1,26.1,True,False,False,False,True,False
781,43,66.3,1.77,177,157,57,1.48,1046.0,32.7,1.7,4,2,21.16,True,False,False,True,False,False
782,39,56.0,1.6,184,151,69,0.89,672.0,32.6,2.0,2,1,21.87,True,False,False,False,False,True
783,47,45.9,1.93,166,159,65,1.29,1015.0,29.6,2.0,3,2,12.32,False,True,True,False,False,False
784,34,88.0,1.64,197,147,70,1.9,1536.0,14.4,3.5,4,3,32.72,False,True,False,False,False,True
785,43,94.0,1.79,187,156,62,1.31,1012.0,23.2,3.4,2,1,29.34,False,True,False,True,False,False
786,53,44.7,1.79,164,160,72,1.34,965.0,26.7,2.1,3,2,13.95,True,False,False,False,False,True
787,18,63.2,1.63,162,120,73,0.66,436.0,27.5,2.2,3,1,23.79,False,True,True,False,False,False
788,25,95.6,1.9,190,160,72,1.47,1294.0,23.8,2.4,4,2,26.48,False,True,True,False,False,False
789,52,47.8,1.86,179,129,67,1.01,645.0,24.7,2.8,3,2,13.82,False,True,False,False,False,True
790,32,85.3,1.64,178,123,69,1.77,1197.0,13.2,3.5,4,3,31.71,False,True,True,False,False,False
791,39,59.7,1.83,170,154,59,1.35,1143.0,29.1,2.3,4,2,17.83,False,True,False,False,True,False
792,31,70.2,1.98,199,129,61,0.71,504.0,24.2,2.5,2,1,17.91,False,True,False,False,False,True
793,43,72.7,1.8,162,166,50,0.79,590.0,32.8,2.1,3,1,22.44,True,False,True,False,False,False
794,45,50.4,1.79,182,130,59,0.74,433.0,27.7,2.5,2,1,15.73,True,False,True,False,False,False
795,40,81.7,1.74,166,133,58,0.91,666.0,27.0,2.7,2,1,26.99,False,True,False,False,False,True
796,31,49.3,1.62,182,157,52,0.56,484.0,20.0,3.2,2,1,18.79,False,True,False,False,True,False
797,41,61.9,1.64,166,131,68,1.93,1138.0,19.4,2.7,4,3,23.01,True,False,False,False,False,True
798,19,49.1,1.68,193,164,58,1.42,1164.0,25.3,2.6,4,2,17.4,True,False,True,False,False,False
799,43,66.5,1.83,178,136,59,1.11,747.0,27.1,2.4,3,2,19.86,False,True,False,False,False,True
800,31,75.5,1.93,168,135,68,0.6,446.0,20.5,3.4,2,1,20.27,False,True,True,False,False,False
801,24,88.2,1.79,177,154,65,1.76,1491.0,11.3,3.5,4,3,27.53,False,True,False,True,False,False
802,20,74.8,1.75,184,121,73,1.33,885.0,25.0,3.3,3,2,24.42,False,True,False,False,False,True
803,40,72.2,1.6,173,130,67,0.87,566.0,29.2,1.9,3,1,28.2,True,False,False,False,False,True
804,35,62.8,1.63,184,160,63,1.41,1241.0,21.9,3.7,4,2,23.64,False,True,True,False,False,False
805,55,84.7,1.79,178,122,52,1.19,719.0,23.3,2.4,3,2,26.43,False,True,True,False,False,False
806,52,116.5,1.69,198,148,51,0.53,388.0,27.3,2.4,2,1,40.79,False,True,True,False,False,False
807,32,77.4,1.92,174,137,50,1.39,1047.0,26.7,3.3,3,2,21.0,False,True,True,False,False,False
808,42,72.9,1.62,175,139,67,1.17,732.0,25.7,2.0,4,2,27.78,True,False,False,False,False,True
809,54,58.4,1.59,186,166,73,1.08,807.0,32.5,1.9,2,1,23.1,True,False,True,False,False,False
810,45,64.3,1.54,199,133,58,1.67,999.0,15.3,2.7,4,3,27.11,True,False,False,False,False,True
811,27,89.3,1.87,169,153,62,1.62,1363.0,12.7,3.5,5,3,25.54,False,True,False,False,True,False
812,56,90.2,1.61,163,168,51,1.38,1148.0,22.6,2.3,3,2,34.8,False,True,False,False,False,True
813,34,59.0,1.62,178,150,56,1.13,847.0,30.9,2.4,4,2,22.48,True,False,True,False,False,False
814,56,58.7,1.86,187,159,65,1.09,858.0,22.6,3.3,3,2,16.97,False,True,True,False,False,False
815,39,127.5,1.82,180,161,70,1.26,1116.0,29.8,3.0,3,2,38.49,False,True,False,False,True,False
816,43,68.6,1.52,173,137,68,1.42,875.0,28.1,2.6,4,2,29.69,True,False,False,False,False,True
817,42,56.7,1.53,192,149,74,1.07,717.0,27.4,1.9,3,1,24.22,True,False,False,False,True,False
818,34,64.5,1.78,169,144,64,1.33,958.0,27.8,1.8,4,2,20.36,True,False,False,False,False,True
819,30,61.6,1.52,178,138,71,1.78,1228.0,19.5,2.7,4,3,26.66,True,False,True,False,False,False
820,37,75.1,1.82,189,127,60,1.23,859.0,26.4,3.2,4,2,22.67,False,True,False,False,False,True
821,42,79.3,1.93,181,147,50,1.22,888.0,27.3,3.3,2,1,21.29,False,True,True,False,False,False
822,21,72.6,1.68,162,127,70,1.19,756.0,34.2,1.8,3,2,25.72,True,False,True,False,False,False
823,27,76.7,1.7,196,150,56,0.96,792.0,29.1,2.1,3,1,26.54,False,True,False,True,False,False
824,20,44.2,1.61,177,122,69,1.08,659.0,32.4,2.5,2,1,17.05,True,False,False,True,False,False
825,58,56.5,1.7,170,122,57,0.74,406.0,27.0,2.7,2,1,19.55,True,False,False,False,False,True
826,35,100.9,1.63,161,163,59,1.1,986.0,28.4,3.1,2,1,37.98,False,True,True,False,False,False
827,53,55.8,1.55,171,141,54,1.12,711.0,27.0,1.8,4,2,23.23,True,False,False,False,True,False
828,39,58.3,1.93,165,136,58,1.35,1010.0,27.4,3.7,4,2,15.65,False,True,True,False,False,False
829,51,48.6,1.77,199,155,74,1.47,1128.0,26.9,3.5,2,1,15.51,False,True,False,False,True,False
830,25,81.7,1.95,188,136,74,1.94,1451.0,13.8,3.5,4,3,21.49,False,True,False,False,False,True
831,57,85.6,1.69,189,133,50,1.76,1159.0,12.7,3.5,5,3,29.97,False,True,False,False,False,True
832,36,60.0,1.72,161,128,51,1.63,1043.0,18.2,2.7,5,3,20.28,True,False,False,False,True,False
833,59,126.4,1.69,168,149,68,1.24,915.0,29.5,2.9,3,1,44.26,False,True,False,False,True,False
834,58,75.4,1.78,161,140,63,1.05,662.0,26.0,2.5,4,2,23.8,True,False,True,False,False,False
835,54,64.2,1.69,188,131,69,1.69,996.0,16.5,2.7,4,3,22.48,True,False,False,False,False,True
836,23,65.2,1.62,192,156,59,1.37,1069.0,31.1,2.5,3,2,24.84,True,False,True,False,False,False
837,43,70.1,1.66,169,151,58,0.99,673.0,34.6,2.6,2,1,25.44,True,False,False,False,True,False
838,51,102.6,1.77,193,130,59,1.21,779.0,21.0,3.4,2,1,32.75,False,True,False,True,False,False
839,23,107.2,1.93,167,139,55,1.15,879.0,20.2,3.1,4,2,28.78,False,True,False,True,False,False
840,54,56.5,1.75,196,154,66,1.76,1220.0,15.3,2.7,5,3,18.45,True,False,False,True,False,False
841,50,61.6,1.75,192,166,74,1.22,911.0,25.5,2.2,4,2,20.11,True,False,False,False,True,False
842,39,81.7,1.75,165,165,55,1.32,1198.0,29.1,2.8,4,2,26.68,False,True,True,False,False,False
843,38,76.6,1.58,199,130,53,0.74,481.0,32.2,2.3,2,1,30.68,True,False,False,False,False,True
844,23,116.8,1.79,178,127,69,1.0,698.0,26.8,3.4,4,2,36.45,False,True,False,False,True,False
845,23,60.1,1.59,191,123,52,1.8,1107.0,17.6,2.7,4,3,23.77,True,False,False,True,False,False
846,21,93.7,1.73,186,146,72,1.0,803.0,27.8,3.6,2,1,31.31,False,True,True,False,False,False
847,47,41.6,1.58,160,163,68,1.03,756.0,26.6,2.1,4,2,16.66,True,False,False,False,False,True
848,28,55.1,1.79,192,159,67,1.99,1582.0,17.0,2.7,5,3,17.2,True,False,False,False,False,True
849,47,127.1,1.76,199,157,73,0.71,552.0,24.9,3.0,2,1,41.03,False,True,False,False,True,False
850,48,69.1,1.6,191,166,53,1.34,1001.0,26.1,2.0,4,2,26.99,True,False,False,False,True,False
851,41,66.8,1.74,164,149,57,1.34,898.0,29.2,2.3,3,1,22.06,True,False,False,False,False,True
852,26,125.5,1.76,176,163,66,1.15,1031.0,23.2,3.1,4,2,40.52,False,True,False,False,False,True
853,20,71.3,1.58,167,167,54,1.07,893.0,25.4,1.5,3,2,28.56,True,False,False,True,False,False
854,48,129.2,1.61,193,167,62,1.06,876.0,21.4,2.9,4,2,49.84,False,True,False,False,False,True
855,57,96.3,1.86,168,146,74,1.1,795.0,27.6,2.2,3,2,27.84,False,True,False,False,True,False
856,54,67.5,1.54,182,140,50,0.72,454.0,25.2,1.5,3,1,28.46,True,False,True,False,False,False
857,53,64.4,1.55,194,139,62,1.77,1107.0,19.7,2.7,4,3,26.81,True,False,False,True,False,False
858,41,64.9,1.57,166,123,53,1.04,576.0,25.9,2.4,4,2,26.33,True,False,False,True,False,False
859,48,52.3,1.66,174,130,71,0.74,433.0,33.0,1.8,3,1,18.98,True,False,False,False,False,True
860,23,56.7,1.55,179,132,73,1.38,911.0,34.0,1.9,4,2,23.6,True,False,True,False,False,False
861,19,46.8,1.63,184,128,63,1.35,864.0,34.4,1.6,4,2,17.61,True,False,False,True,False,False
862,37,70.3,1.77,162,123,52,1.01,621.0,33.7,1.7,2,1,22.44,True,False,False,False,True,False
863,45,80.8,1.76,183,131,54,1.7,1102.0,11.4,3.5,4,3,26.08,False,True,False,False,False,True
864,28,56.0,1.5,193,128,56,1.94,1242.0,16.7,2.7,5,3,24.89,True,False,False,False,True,False
865,21,101.2,1.84,181,132,50,1.3,944.0,24.3,3.3,2,1,29.89,False,True,False,False,False,True
866,32,56.6,1.57,170,167,72,1.65,1378.0,15.7,2.7,4,3,22.96,True,False,False,True,False,False
867,23,40.9,1.75,167,145,61,0.82,594.0,25.2,2.1,3,1,13.36,True,False,False,False,False,True
868,47,127.8,1.65,198,157,60,0.77,598.0,28.7,3.5,2,1,46.94,False,True,True,False,False,False
869,55,49.3,1.76,194,161,73,1.28,927.0,30.5,2.0,2,1,15.92,True,False,False,False,True,False
870,19,64.3,1.63,197,132,57,1.87,1234.0,18.0,2.7,5,3,24.2,True,False,True,False,False,False
871,32,49.3,1.62,167,158,74,1.18,1025.0,29.3,2.5,3,2,18.79,False,True,False,False,True,False
872,28,63.0,1.62,196,147,55,0.68,500.0,31.7,1.9,2,1,24.01,True,False,False,False,True,False
873,25,41.1,1.67,186,138,71,1.03,711.0,31.9,2.4,3,2,14.74,True,False,False,False,False,True
874,43,40.5,1.74,187,143,51,1.5,965.0,32.9,2.2,3,2,13.38,True,False,False,True,False,False
875,22,71.0,1.62,199,138,68,0.91,691.0,21.2,3.5,2,1,27.05,False,True,False,True,False,False
876,23,60.9,1.62,193,168,69,1.59,1336.0,16.8,2.7,5,3,23.21,True,False,True,False,False,False
877,43,64.7,1.66,191,132,69,1.88,1117.0,19.8,2.7,4,3,23.48,True,False,False,False,False,True
878,21,51.0,1.71,174,132,73,1.07,706.0,34.2,2.2,3,2,17.44,True,False,False,True,False,False
879,36,57.7,1.77,176,147,63,1.65,1213.0,19.4,2.7,4,3,18.42,True,False,False,False,True,False
880,37,76.9,1.82,192,121,50,1.49,992.0,24.5,2.8,4,2,23.22,False,True,False,False,True,False
881,50,80.5,1.77,175,129,59,1.85,1181.0,14.3,3.5,4,3,25.7,False,True,False,False,False,True
882,37,73.3,1.74,188,141,65,1.03,726.0,25.5,2.4,3,2,24.21,True,False,True,False,False,False
883,29,49.0,1.57,168,132,53,1.33,878.0,26.5,2.6,3,2,19.88,True,False,False,False,False,True
884,18,114.5,1.97,192,128,60,1.03,725.0,24.1,2.6,3,1,29.5,False,True,True,False,False,False
885,43,81.0,1.78,188,152,65,1.58,1189.0,12.4,3.5,5,3,25.56,False,True,False,False,False,True
886,31,53.5,1.76,172,133,69,1.22,811.0,27.6,1.8,4,2,17.27,True,False,False,False,True,False
887,55,52.1,1.68,180,167,50,0.77,637.0,23.6,3.0,3,1,18.46,False,True,False,False,False,True
888,54,70.1,1.52,180,139,65,0.76,475.0,26.6,2.1,2,1,30.34,True,False,False,True,False,False
889,28,86.9,1.78,164,134,68,1.29,951.0,24.9,3.7,4,2,27.43,False,True,False,True,False,False
890,53,73.4,1.76,169,151,70,1.09,815.0,27.9,2.8,3,2,23.7,False,True,False,False,False,True
891,30,90.0,1.66,165,152,71,1.32,1104.0,26.6,2.1,4,2,32.66,False,True,True,False,False,False
892,20,85.7,1.92,172,136,58,1.72,1287.0,10.5,3.5,5,3,23.25,False,True,True,False,False,False
893,50,70.4,1.55,160,143,58,0.73,470.0,29.9,2.7,2,1,29.3,True,False,False,False,True,False
894,23,57.7,1.71,179,149,58,1.15,942.0,27.0,3.4,3,2,19.73,False,True,False,False,True,False
895,27,75.7,1.76,167,132,66,0.68,494.0,25.3,2.3,3,1,24.44,False,True,True,False,False,False
896,22,61.8,1.52,169,166,61,1.83,1519.0,17.0,2.7,5,3,26.75,True,False,False,False,False,True
897,40,80.3,1.76,168,167,74,1.63,1497.0,13.1,3.5,5,3,25.92,False,True,False,False,True,False
898,27,104.3,1.68,162,135,62,1.28,950.0,29.7,3.5,3,2,36.95,False,True,True,False,False,False
899,19,65.7,1.58,170,121,57,1.46,883.0,25.9,1.9,3,2,26.32,True,False,True,False,False,False
900,30,120.3,1.96,171,136,65,0.66,494.0,23.9,2.6,2,1,31.32,False,True,False,False,False,True
901,57,51.9,1.57,169,151,67,1.05,713.0,29.1,2.6,3,2,21.06,True,False,False,True,False,False
902,19,59.1,1.57,184,162,50,1.65,1336.0,17.9,2.7,5,3,23.98,True,False,True,False,False,False
903,37,66.9,1.75,184,127,50,1.38,876.0,26.5,2.1,4,2,21.84,True,False,False,False,True,False
904,18,66.9,1.75,170,122,61,0.94,573.0,26.8,1.7,2,1,21.84,True,False,False,False,False,True
905,54,78.7,1.66,195,131,55,1.42,921.0,22.9,2.6,3,2,28.56,False,True,False,False,False,True
906,26,62.4,1.61,198,139,58,1.88,1307.0,19.8,2.7,4,3,24.07,True,False,False,False,False,True
907,34,102.1,1.71,185,135,72,0.96,713.0,27.3,3.2,2,1,34.92,False,True,False,True,False,False
908,26,51.9,2.0,173,133,54,0.75,549.0,26.6,2.3,2,1,12.97,False,True,False,True,False,False
909,28,58.3,2.0,198,135,65,1.32,980.0,28.2,3.0,4,2,14.57,False,True,False,False,True,False
910,32,89.8,1.92,199,168,67,1.93,1783.0,10.6,3.5,4,3,24.36,False,True,False,False,True,False
911,41,101.1,1.83,160,162,66,0.79,634.0,28.6,3.2,2,1,30.19,False,True,False,False,False,True
912,55,118.6,1.72,163,168,67,0.77,640.0,25.9,2.6,3,1,40.09,False,True,False,False,True,False
913,52,84.8,1.85,189,152,50,1.19,895.0,23.4,3.2,2,1,24.78,False,True,True,False,False,False
914,47,80.0,1.77,171,149,68,0.72,531.0,28.2,3.5,3,1,25.54,False,True,False,True,False,False
915,48,73.1,1.83,194,131,71,1.05,681.0,28.0,2.8,4,2,21.83,False,True,False,False,False,True
916,22,117.3,1.68,172,134,57,1.24,914.0,28.5,2.7,3,2,41.56,False,True,False,False,False,True
917,31,77.4,1.71,190,137,52,1.26,863.0,26.2,1.8,4,2,26.47,True,False,True,False,False,False
918,28,72.9,1.67,197,147,74,1.13,831.0,34.7,2.2,3,2,26.14,True,False,True,False,False,False
919,26,71.2,1.5,182,142,54,1.15,816.0,34.6,2.6,2,1,31.64,True,False,True,False,False,False
920,51,88.2,1.62,163,133,72,1.56,1027.0,11.8,3.5,4,3,33.61,False,True,True,False,False,False
921,29,75.6,1.8,175,149,57,1.31,976.0,25.7,1.9,4,2,23.33,True,False,False,False,False,True
922,52,57.9,1.56,166,152,68,1.66,1135.0,15.8,2.7,4,3,23.79,True,False,False,True,False,False
923,52,70.6,1.58,181,164,67,1.02,753.0,34.9,2.0,3,2,28.28,True,False,False,True,False,False
924,18,118.6,1.64,188,134,67,0.94,693.0,25.6,2.7,3,1,44.1,False,True,True,False,False,False
925,57,55.7,1.99,170,126,70,1.13,705.0,23.6,3.0,3,2,14.07,False,True,False,False,True,False
926,39,102.3,1.94,192,134,50,0.89,656.0,22.9,2.4,3,1,27.18,False,True,False,False,False,True
927,46,72.6,1.87,188,161,64,1.31,1044.0,22.6,3.4,4,2,20.76,False,True,False,True,False,False
928,25,63.8,1.68,198,165,67,0.95,784.0,31.6,1.9,2,1,22.6,True,False,True,False,False,False
929,28,67.3,1.67,171,157,74,0.61,479.0,29.2,2.3,3,1,24.13,True,False,False,False,True,False
930,58,59.3,1.58,166,165,56,1.97,1463.0,19.8,2.7,4,3,23.75,True,False,False,False,True,False
931,54,70.7,1.57,198,163,65,1.14,836.0,31.8,2.1,3,1,28.68,True,False,True,False,False,False
932,31,86.9,1.69,185,130,65,1.72,1230.0,14.0,3.5,4,3,30.43,False,True,False,False,False,True
933,47,98.2,1.9,199,148,64,0.76,557.0,22.9,3.0,3,1,27.2,False,True,False,True,False,False
934,52,63.6,1.62,168,150,55,1.3,965.0,20.8,2.3,4,2,24.23,False,True,False,False,True,False
935,38,45.2,1.68,193,144,58,1.01,727.0,29.9,2.4,3,2,16.01,True,False,False,True,False,False
936,54,117.2,1.62,172,143,56,1.04,736.0,23.1,2.3,4,2,44.66,False,True,False,True,False,False
937,22,107.4,1.74,195,138,63,1.34,1017.0,22.0,2.2,2,1,35.47,False,True,False,False,True,False
938,36,59.1,1.78,184,121,60,0.85,514.0,34.5,2.2,2,1,18.65,True,False,True,False,False,False
939,31,53.3,1.64,183,141,70,0.57,402.0,29.4,2.4,3,1,19.82,True,False,False,False,True,False
940,43,46.2,1.63,176,139,65,1.18,812.0,21.7,2.1,2,1,17.39,False,True,False,False,True,False
941,21,67.0,1.61,161,152,74,1.32,1104.0,22.0,2.1,3,2,25.85,False,True,False,False,False,True
942,42,86.3,1.77,172,127,55,1.77,1113.0,11.4,3.5,4,3,27.55,False,True,False,True,False,False
943,59,85.5,1.67,190,144,71,1.99,1418.0,15.0,3.5,5,3,30.66,False,True,True,False,False,False
944,42,70.2,1.87,188,165,65,1.38,1127.0,22.7,3.4,3,2,20.07,False,True,False,True,False,False
945,35,127.1,1.62,187,128,69,1.02,718.0,23.3,3.4,4,2,48.43,False,True,False,False,True,False
946,57,75.6,1.67,186,153,65,1.05,723.0,31.6,1.8,3,2,27.11,True,False,True,False,False,False
947,25,62.6,1.65,174,142,61,1.2,852.0,27.9,2.2,3,1,22.99,True,False,True,False,False,False
948,56,55.7,1.53,190,124,66,1.91,1066.0,16.1,2.7,5,3,23.79,True,False,True,False,False,False
949,57,96.1,1.74,199,144,54,1.21,862.0,21.6,2.8,3,2,31.74,False,True,True,False,False,False
950,31,76.7,1.62,174,127,74,1.39,883.0,28.1,2.3,4,2,29.23,True,False,False,False,False,True
951,49,57.2,1.89,192,135,62,1.14,762.0,21.1,3.5,2,1,16.01,False,True,True,False,False,False
952,55,69.9,1.81,179,167,57,1.2,992.0,20.2,2.1,4,2,21.34,False,True,False,False,True,False
953,50,67.9,1.77,171,164,73,1.03,760.0,33.0,2.4,3,2,21.67,True,False,False,False,False,True
954,40,87.9,1.87,196,134,54,1.96,1445.0,10.7,3.5,5,3,25.14,False,True,False,False,True,False
955,32,102.8,1.98,168,120,61,1.24,818.0,27.8,2.8,3,2,26.22,False,True,False,False,True,False
956,50,51.8,1.5,182,141,58,1.32,838.0,33.0,2.2,3,1,23.02,True,False,False,True,False,False
957,42,57.7,1.57,167,122,52,1.83,1005.0,17.7,2.7,4,3,23.41,True,False,True,False,False,False
958,34,66.5,1.69,191,157,52,0.81,636.0,28.1,2.3,3,1,23.28,True,False,True,False,False,False
959,50,95.4,1.61,173,133,50,1.16,764.0,21.5,3.6,4,2,36.8,False,True,False,False,True,False
960,19,69.2,1.6,186,155,74,1.17,907.0,32.4,1.6,3,1,27.03,True,False,True,False,False,False
961,31,66.6,1.67,184,137,71,1.02,699.0,31.0,1.5,4,2,23.88,True,False,False,False,False,True
962,57,83.4,1.65,172,166,67,1.57,1290.0,13.3,3.5,4,3,30.63,False,True,False,True,False,False
963,57,43.8,1.75,180,160,73,1.39,1001.0,25.1,1.7,2,1,14.3,True,False,True,False,False,False
964,56,64.2,1.69,190,137,61,1.99,1227.0,19.6,2.7,5,3,22.48,True,False,True,False,False,False
965,23,44.1,1.62,196,122,58,0.58,354.0,25.7,2.7,2,1,16.8,True,False,False,False,False,True
966,23,87.3,1.91,164,129,58,1.87,1327.0,11.8,3.5,5,3,23.93,False,True,False,True,False,False
967,20,55.0,1.6,172,168,67,1.12,1035.0,24.0,3.2,4,2,21.48,False,True,False,False,False,True
968,24,87.1,1.74,187,158,67,1.57,1364.0,10.0,3.5,4,3,28.77,False,True,False,False,True,False
969,25,66.6,1.61,184,166,56,1.38,1260.0,25.0,3.0,2,1,25.69,False,True,False,False,True,False
970,59,60.4,1.76,194,120,53,1.72,929.0,18.8,2.7,5,3,19.5,True,False,True,False,False,False
971,32,126.4,1.83,198,146,62,1.1,883.0,28.2,2.1,3,2,37.74,False,True,False,True,False,False
972,46,88.7,1.63,166,146,66,0.75,542.0,28.8,3.5,2,1,33.38,False,True,False,False,True,False
